material_name,type,strength_score,weight_capacity,cost_per_unit,biodegradability_score,co2_emission_score,recyclability_percentage
Macro-Tube Glass Max,Bioplastic,36,27.05,2.9269,0.8138,0.8925,83.58
Rapid-Box Paper V3,Metal,36,43.59,4.3626,0.1636,2.3331,23.5
Rapid-Core Bioplastic Elite,Metal,93,46.99,6.5718,0.1005,2.3972,33.41
Smart-Board Metal Prime,Metal,20,49.56,4.5661,0.1649,2.3029,30.98
Eco-Box Composite Lite,Glass,62,45.56,4.5743,0.192,1.3965,72.67
Mini-Net Glass Nano,Bioplastic,56,32.49,4.1994,0.8694,0.902,77.35
Dense-Liner Paper V3,Composite,70,30.84,7.7639,0.235,1.3274,86.5
Super-Plate Composite V3,Composite,75,23.16,8.3077,0.2367,1.6339,43.45
Bio-Tube Paper Elite,Metal,25,12.36,6.3016,0.0548,1.9657,34.81
Gloss-Shield Metal M,Glass,28,35.05,3.5493,0.1435,1.2253,94.35
Thick-Shell Bioplastic S,Metal,90,6.5,5.6696,0.1511,1.7216,76.26
Tri-Layer Glass Lite,Paper,72,22.82,1.929,0.8512,0.5469,16.22
Rapid-Cover Bioplastic HD,Paper,79,19.37,2.3403,0.9212,0.4927,10.91
Matte-Block Glass Gamma,Glass,34,35.6,2.3803,0.2341,1.2074,49.22
Core-Fiber Metal Eco,Glass,30,27.65,2.533,0.29,0.8687,79.74
Clear-Tube Paper Pro,Glass,40,8.94,2.2397,0.1201,0.8047,55.45
Dual-Pouch Paper HD,Glass,70,8.84,4.2771,0.1022,0.787,47.46
Passive-Weave Metal Lite,Metal,42,11.23,3.4226,0.135,1.3365,69.22
Rough-Shield Metal HD,Glass,86,32.23,4.6961,0.2794,1.1148,36.21
Flex-Board Metal X,Glass,26,30.11,2.0271,0.1755,0.9425,31.22
Sealed-Pouch Composite Delta,Glass,50,10.4,2.4353,0.1056,0.5956,79.74
Ultra-Pad Composite M,Paper,28,11.42,1.3953,0.9094,0.5433,24.27
Gloss-Tube Metal Prime,Bioplastic,41,2.68,3.0948,0.9631,0.3959,63.28
Clear-Foam Metal Nano,Paper,99,10.75,2.6279,0.9378,0.3237,28.17
Green-Shell Bioplastic X,Paper,65,16.51,1.6582,0.8808,0.3487,28.09
Hard-Weave Glass Beta,Paper,48,3.77,1.7583,0.88,0.3284,15.72
Rapid-Pad Composite Prime,Bioplastic,47,20.85,3.7197,0.8999,0.8447,70.57
Sealed-Panel Bioplastic Nano,Bioplastic,92,8.99,4.9989,0.92,0.7225,69.19
Lite-Base Bioplastic M,Paper,37,16.94,1.4394,0.9268,0.4448,82.38
Active-Sleeve Bioplastic Alpha,Glass,81,3.84,3.0588,0.2824,0.8775,53.44
Green-Barrier Bioplastic Lite,Paper,49,25.42,1.7175,0.7527,0.4406,74.51
Tri-Weave Composite Lite,Paper,35,15.79,1.4559,0.9014,0.5238,15.09
Micro-Liner Metal Gamma,Composite,67,25.19,5.0289,0.2751,1.7423,30.24
Gloss-Disc Composite Elite,Composite,96,49.43,6.6724,0.3755,1.3754,36.99
Active-Guard Composite Nano,Paper,25,26.28,1.3877,0.8796,0.5293,12.01
Hard-Sleeve Glass V2,Bioplastic,62,17.47,2.9075,0.8108,0.7818,94.01
Passive-Block Glass Lite,Paper,48,30.6,1.5198,0.8143,0.6187,10.51
Pro-Core Glass Elite,Metal,82,3.96,4.831,0.1269,1.1519,27.36
Hyper-Cap Paper HD,Paper,31,9.1,1.2719,0.909,0.3323,53.13
Micro-Tray Glass Max,Paper,74,36.39,2.0013,0.8943,0.6174,25.0
Active-Frame Bioplastic Beta,Metal,51,15.5,5.6892,0.1935,1.3571,83.31
Pure-Weave Bioplastic Delta,Paper,81,4.46,2.5049,0.8296,0.2749,47.52
Sealed-Sleeve Bioplastic Alpha,Paper,84,30.67,2.2684,0.7812,0.7728,50.97
Clear-Barrier Glass Delta,Paper,68,21.66,1.7558,0.9313,0.4867,55.66
Pure-Cover Metal Ultra,Composite,90,36.47,5.7321,0.2927,1.629,41.89
Matte-Tube Metal Alpha,Glass,97,24.3,4.0731,0.243,0.8796,87.87
Multi-Layer Glass Prime,Composite,20,1.14,5.4031,0.3451,1.3211,88.68
Gloss-Block Bioplastic V2,Glass,70,48.54,3.6209,0.1979,1.4782,60.01
Mega-Cap Metal Prime,Glass,72,44.31,5.0234,0.1249,1.6688,23.8
Matte-Foam Composite Pro,Metal,75,47.88,6.9194,0.1503,1.9017,70.28
Active-Band Bioplastic Sigma,Paper,67,34.97,2.048,0.9353,0.7504,30.6
Macro-Core Paper Gamma,Paper,24,46.11,1.0288,0.8913,0.6496,66.58
Mini-Plate Composite XL,Glass,38,13.44,3.162,0.2362,0.8178,61.18
Dense-Band Paper Lite,Metal,40,1.11,6.2182,0.1289,2.2864,43.8
Thick-Shell Bioplastic Lite,Composite,95,48.72,5.0535,0.382,2.2584,24.1
Nano-Liner Bioplastic Alpha,Metal,74,13.02,5.0935,0.1935,2.0179,42.54
Hyper-Pouch Glass Ultra,Metal,59,36.83,6.527,0.1849,2.5724,19.29
Macro-Base Composite Elite,Glass,93,38.95,4.0177,0.1285,1.4685,89.05
Heavy-Sleeve Bioplastic V3,Composite,70,35.1,4.2282,0.2337,1.6611,18.23
Dense-Seal Metal M,Composite,73,26.49,7.1399,0.3466,1.1897,41.85
Open-Film Composite Nano,Glass,37,10.3,2.5404,0.2897,0.9435,79.22
Porous-Barrier Glass Alpha,Composite,43,10.45,6.9596,0.3618,1.0548,93.55
Multi-Cover Glass Nano,Composite,72,22.32,8.2571,0.2218,1.7069,16.78
Passive-Tube Metal Max,Paper,30,19.2,1.1022,0.8184,0.5477,50.62
Sealed-Shell Composite L,Paper,32,0.97,1.1363,0.941,0.3893,77.08
Poly-Sheet Paper Sigma,Composite,25,5.29,5.5983,0.2015,1.4965,93.89
Micro-Slab Bioplastic M,Paper,54,46.64,1.6903,0.8174,0.7752,41.52
Open-Sleeve Glass Max,Composite,63,49.97,7.6541,0.3882,2.0178,42.17
Micro-Shield Paper Eco,Glass,27,48.78,3.8608,0.2613,0.9703,84.0
Clear-Box Metal Beta,Glass,71,36.4,4.7735,0.1278,1.3255,83.87
Matte-Barrier Metal Eco,Metal,55,47.58,6.443,0.0497,2.0537,68.33
Prime-Foam Metal Max,Glass,80,25.99,4.4525,0.1006,1.2504,90.06
Passive-Ring Composite Max,Composite,61,1.32,5.6049,0.2092,1.7023,37.67
Mono-Core Metal Eco,Paper,76,12.06,2.1365,0.8978,0.5388,39.61
Bio-Bag Glass X,Paper,80,49.35,2.4214,0.931,0.8938,34.98
Hyper-Board Metal V2,Glass,44,35.74,4.1937,0.2752,1.4653,70.92
Clear-Bag Metal Gamma,Composite,24,6.83,6.786,0.2603,1.596,56.64
Bio-Board Glass L,Bioplastic,79,8.82,3.7236,0.8231,0.5933,30.48
Flex-Layer Bioplastic Ultra,Metal,47,8.94,7.0252,0.14,1.1476,94.44
Rapid-Layer Composite V2,Composite,23,8.43,7.3475,0.3805,1.7239,28.73
Heavy-Foam Composite Sigma,Glass,52,33.46,4.5333,0.2341,1.347,88.43
Rough-Tray Glass X,Bioplastic,82,4.98,4.2697,0.9744,0.6625,75.14
Bio-Wrap Composite Plus,Paper,96,3.7,2.4588,0.932,0.4399,71.63
Nano-Panel Metal Beta,Glass,91,48.33,4.1813,0.1467,1.1706,34.73
Bright-Panel Paper Elite,Metal,34,4.91,5.9812,0.1874,2.066,19.87
Mini-Strip Composite X,Bioplastic,67,6.81,3.2205,0.876,0.6029,36.42
Bio-Pouch Bioplastic Gamma,Bioplastic,95,27.01,4.8373,0.996,0.638,41.03
Rough-Cap Metal L,Glass,36,26.23,3.4436,0.1444,1.0585,55.75
Uni-Sheet Composite Alpha,Composite,78,16.14,7.9511,0.2594,1.1441,67.8
Rough-Coat Paper Prime,Glass,38,30.27,2.4809,0.2331,1.4237,69.75
Poly-Block Paper Prime,Bioplastic,96,16.35,4.1747,0.9377,0.5129,82.05
Mono-Panel Bioplastic Elite,Paper,93,24.17,2.6658,0.849,0.6329,42.02
Clear-Liner Paper Max,Metal,62,8.06,6.4496,0.1696,2.3822,29.13
Dense-Tray Composite Alpha,Paper,26,46.2,1.2968,0.9214,0.8602,35.42
Rough-Board Glass Ultra,Bioplastic,40,49.56,3.1449,0.8675,1.0068,94.18
Sealed-Sleeve Bioplastic HD,Paper,70,19.86,2.0403,0.8066,0.5875,26.58
Mini-Base Composite Delta,Composite,90,19.99,5.176,0.3505,1.6164,78.43
Mega-Film Glass Sigma,Glass,58,23.15,2.9201,0.1275,1.2683,34.74
Dark-Layer Metal Beta,Bioplastic,38,10.88,3.6126,0.8391,0.6093,40.79
Mega-Guard Metal Delta,Metal,93,5.55,7.3342,0.1717,1.5203,93.53
Tri-Board Composite M,Metal,41,46.34,3.6398,0.1948,1.6328,14.46
Sealed-Wrap Paper Sigma,Composite,85,32.68,7.1109,0.3939,1.7992,44.34
Hyper-Shell Bioplastic X,Paper,24,6.38,1.0482,0.8105,0.4226,24.66
Flex-Slab Metal Gamma,Paper,68,38.9,2.2551,0.8841,0.5959,49.41
Smart-Weave Composite Sigma,Metal,68,14.12,6.3248,0.0735,1.2212,17.02
Macro-Film Paper Plus,Bioplastic,82,32.25,4.6988,0.845,0.7972,93.92
Dark-Cover Glass Elite,Paper,81,14.05,2.3799,0.9089,0.3748,51.16
Passive-Barrier Composite Ultra,Bioplastic,75,15.27,3.008,0.865,0.6782,83.29
Micro-Lid Glass Sigma,Metal,88,9.65,7.3395,0.0039,1.8306,55.6
Thick-Guard Paper Alpha,Bioplastic,87,24.68,4.0274,0.9169,0.7723,77.16
Multi-Barrier Composite Delta,Composite,35,37.8,4.4128,0.3317,1.2388,83.27
Hard-Liner Composite Ultra,Metal,43,0.76,5.0318,0.0629,0.9663,58.88
Porous-Bag Paper Eco,Bioplastic,40,4.85,2.5684,0.9506,0.3223,20.6
Max-Base Paper Gamma,Glass,58,18.5,3.7577,0.1846,1.4212,10.01
Mono-Layer Bioplastic Pro,Composite,58,2.79,8.1215,0.3809,1.1,55.4
Flex-Panel Composite Ultra,Bioplastic,37,29.07,3.3763,0.9045,0.9251,39.93
Sealed-Lid Glass Lite,Metal,88,25.77,6.8585,0.1325,1.2248,13.12
Poly-Shell Paper Max,Bioplastic,38,15.34,3.6686,0.9915,0.6343,28.36
Rigid-Frame Bioplastic Pro,Glass,65,14.23,4.304,0.1844,1.0622,32.16
Core-Weave Composite Prime,Paper,40,20.3,1.1958,0.8008,0.5106,69.03
Prime-Slab Composite Prime,Bioplastic,88,10.59,4.2665,0.8539,0.5991,64.87
Gloss-Sheet Paper Pro,Metal,67,28.4,6.2839,0.1023,1.4301,79.83
Mini-Shield Metal Beta,Glass,60,49.63,3.554,0.1052,1.4592,16.59
Clear-Strip Paper V3,Paper,35,26.81,1.4262,0.8314,0.5469,17.56
Active-Plate Composite Pro,Bioplastic,62,39.01,2.7897,0.9596,0.7396,18.33
Macro-Bag Metal Sigma,Paper,48,19.24,1.3678,0.9351,0.4251,71.91
Mega-Weave Metal Alpha,Bioplastic,59,29.65,4.0375,0.8191,0.6761,58.63
Stable-Coat Bioplastic Eco,Bioplastic,56,27.8,3.5828,0.9793,0.5863,90.45
Thin-Core Composite Delta,Composite,69,9.44,7.7268,0.3356,1.7609,56.89
Eco-Shield Glass V3,Paper,71,24.1,1.8402,0.7519,0.5751,23.22
Thick-Lid Glass V3,Paper,36,7.56,1.3822,0.8035,0.5311,64.33
Pure-Cover Metal Lite,Glass,67,35.52,3.288,0.2217,1.4006,25.56
Clear-Box Composite Delta,Bioplastic,65,40.02,3.5544,0.8552,0.8113,90.04
Rough-Sheet Paper HD,Bioplastic,49,15.61,3.9387,0.9895,0.5587,36.58
Smart-Base Paper M,Composite,31,31.92,3.7575,0.248,1.1516,58.9
Thick-Cap Metal Beta,Paper,30,37.3,1.2548,0.8486,0.8153,91.78
Smooth-Sheet Glass Eco,Glass,74,34.01,4.9314,0.1273,1.2183,68.24
Eco-Disc Paper M,Paper,88,35.05,2.333,0.8733,0.8038,73.4
Uni-Core Composite V3,Metal,74,35.28,6.8162,0.0488,2.3613,90.82
Thick-Film Bioplastic Beta,Glass,87,34.36,3.2332,0.1897,0.9584,89.07
Steady-Coat Bioplastic Plus,Metal,87,45.24,4.863,0.0734,1.5524,40.03
Active-Disc Bioplastic Ultra,Glass,26,21.42,2.754,0.1747,0.7848,87.69
Mega-Coat Composite X,Composite,51,41.67,7.5634,0.3716,1.4848,51.07
Micro-Weave Bioplastic Prime,Bioplastic,53,11.05,3.7813,0.9138,0.4375,35.91
Bio-Barrier Paper Sigma,Paper,85,41.37,2.0695,0.8426,0.779,51.5
Active-Shell Composite Elite,Glass,65,0.79,3.7128,0.1597,0.5736,39.73
Pro-Weave Metal Prime,Bioplastic,43,20.4,2.1376,0.8862,0.523,54.97
Flex-Pouch Glass XL,Bioplastic,39,20.83,3.848,0.8014,0.7561,31.26
Mini-Board Metal XL,Metal,80,20.07,5.2022,0.0857,1.374,78.98
Soft-Board Paper Plus,Composite,33,49.47,6.3476,0.2879,1.3825,73.5
Porous-Sleeve Metal Nano,Composite,20,18.28,7.0303,0.2397,1.1303,13.42
Hyper-Cover Composite V2,Metal,70,21.34,5.1252,0.0063,2.1127,90.61
Rigid-Coat Metal Ultra,Bioplastic,54,6.38,3.3084,0.8991,0.5765,20.83
Super-Layer Composite Eco,Metal,71,25.34,7.4257,0.1686,1.7367,19.33
Prime-Seal Glass Nano,Bioplastic,33,39.74,2.1697,0.8688,0.6429,68.18
Bio-Block Bioplastic Max,Composite,26,34.08,4.8254,0.3953,1.9457,46.92
Green-Band Metal HD,Bioplastic,57,14.47,2.5636,0.8858,0.6317,71.99
Pro-Panel Bioplastic L,Bioplastic,43,12.85,3.6381,0.9728,0.7662,31.03
Matte-Cap Glass Alpha,Composite,74,10.32,7.3884,0.362,1.6646,52.7
Open-Guard Bioplastic L,Metal,43,9.84,6.6013,0.1258,1.2215,20.24
Pure-Foam Metal V2,Glass,71,2.4,4.9989,0.2858,0.845,62.4
Rigid-Plate Bioplastic L,Bioplastic,31,43.29,2.6331,0.905,0.953,93.31
Max-Ring Metal Alpha,Paper,48,17.14,1.5736,0.852,0.5446,35.86
Rough-Bag Composite Ultra,Paper,54,18.5,1.9486,0.8923,0.4391,86.08
Poly-Seal Paper Nano,Metal,43,2.52,3.5107,0.149,1.2432,50.12
Steady-Seal Glass Elite,Bioplastic,97,5.49,3.566,0.9897,0.4403,35.87
Matte-Cover Bioplastic Ultra,Bioplastic,32,33.61,3.2523,0.9541,0.6282,40.65
Rapid-Slab Bioplastic Sigma,Glass,66,37.28,4.0156,0.2209,1.0434,33.46
Pro-Cord Glass Delta,Glass,94,19.51,5.2318,0.1261,1.2692,20.23
Dense-Core Glass L,Paper,95,48.43,2.7362,0.9135,0.7222,47.89
Rapid-Sheet Bioplastic XL,Paper,32,4.21,1.2906,0.8186,0.4397,94.12
Nano-Film Bioplastic XL,Paper,45,26.91,1.3345,0.7756,0.5746,70.49
Uni-Pouch Composite Alpha,Paper,91,48.77,2.6622,0.8397,0.8829,87.42
Super-Film Glass L,Bioplastic,28,24.4,2.8571,0.9905,0.8004,24.19
Dark-Net Paper V3,Paper,55,34.99,1.5209,0.7591,0.6998,77.52
Eco-Fiber Metal X,Glass,44,37.17,3.1545,0.2369,1.5479,92.58
Pro-Panel Glass Delta,Bioplastic,41,22.17,3.0884,0.9125,0.6178,61.61
Uni-Guard Glass Alpha,Composite,46,9.61,4.424,0.2436,1.6522,84.73
Active-Tube Paper Elite,Metal,85,23.04,6.8749,0.105,1.5855,28.73
Hard-Wrap Glass Gamma,Glass,54,27.83,2.8564,0.1091,0.9489,13.32
Poly-Seal Glass Plus,Metal,38,47.13,4.2794,0.0266,2.6814,14.38
Sealed-Layer Paper Plus,Composite,51,49.48,4.7439,0.2232,1.9932,63.78
Multi-Sleeve Glass L,Composite,67,16.57,8.3043,0.3768,1.2025,21.36
Dual-Net Metal S,Paper,98,15.1,2.8519,0.8752,0.3341,40.22
Gloss-Cap Metal Gamma,Paper,55,9.25,1.9844,0.8575,0.5661,76.15
Bio-Shield Glass Eco,Composite,94,5.77,7.9614,0.2764,1.5623,83.95
Mega-Tray Metal M,Bioplastic,97,27.77,4.8174,0.8441,0.6252,59.44
Max-Lid Paper X,Bioplastic,70,8.2,3.1188,0.9453,0.4695,86.68
Gloss-Core Bioplastic Gamma,Glass,31,25.05,3.0307,0.2631,0.8714,58.42
Ultra-Plate Bioplastic HD,Metal,43,32.55,3.391,0.0326,1.4921,43.51
Ultra-Pouch Paper Gamma,Bioplastic,97,9.8,3.4842,0.8853,0.52,64.84
Open-Cap Glass Prime,Bioplastic,71,5.46,3.723,0.9454,0.6178,61.28
Stable-Sheet Glass Plus,Composite,68,19.51,4.6442,0.2027,1.9117,89.45
Lite-Block Composite Beta,Metal,36,12.79,3.4918,0.0285,1.969,11.15
Smooth-Cap Paper Plus,Composite,21,47.9,3.6879,0.3472,1.6051,70.13
Green-Pad Metal XL,Metal,45,7.39,6.2747,0.1785,2.1971,36.13
Core-Board Composite Sigma,Composite,81,8.15,4.6659,0.3384,1.5545,20.46
Steady-Seal Paper Nano,Composite,25,5.59,4.6056,0.3023,1.7797,22.06
Sealed-Disc Paper Nano,Paper,48,1.69,1.5449,0.7795,0.3935,29.2
Mono-Weave Glass S,Paper,69,34.49,2.1232,0.9303,0.6724,94.22
Pure-Band Metal V2,Bioplastic,48,5.54,4.1126,0.8715,0.5417,20.06
Gloss-Base Glass Max,Paper,30,44.83,1.2825,0.7856,0.7874,60.97
Super-Strip Composite Sigma,Bioplastic,74,7.94,4.0612,0.8603,0.6464,39.61
Rigid-Plate Metal Nano,Bioplastic,33,13.92,2.9085,0.8738,0.4854,87.09
Rapid-Sheet Bioplastic Pro,Metal,29,39.55,6.3476,0.1956,2.4622,22.46
Rapid-Box Bioplastic Max,Bioplastic,38,19.83,3.4483,0.9571,0.6297,15.72
Thick-Sleeve Composite Sigma,Bioplastic,93,21.66,4.5589,0.8289,0.5858,20.84
Poly-Tube Glass Elite,Bioplastic,69,17.95,3.6185,0.8963,0.8086,61.15
Uni-Mesh Composite Sigma,Paper,62,7.34,2.1092,0.9343,0.3684,56.69
Passive-Wrap Composite Delta,Paper,88,26.92,2.4029,0.9143,0.5646,59.38
Bright-Board Metal Ultra,Glass,73,26.58,4.5685,0.2623,0.9213,17.42
Mono-Net Metal Prime,Composite,66,0.64,8.4932,0.2034,1.3964,91.4
Soft-Barrier Composite S,Metal,34,3.45,4.475,0.1698,2.2347,79.62
Heavy-Ring Composite Gamma,Glass,57,23.29,4.3776,0.2103,1.458,45.79
Prime-Plate Paper Lite,Bioplastic,46,41.48,2.2906,0.8276,1.0396,69.84
Thick-Sheet Bioplastic Ultra,Bioplastic,68,36.79,3.9983,0.8849,0.6295,19.01
Smart-Film Bioplastic HD,Glass,94,4.15,5.1224,0.2741,0.5456,41.05
Steady-Tube Glass Ultra,Metal,30,12.63,3.098,0.1662,1.651,75.06
Mono-Cover Bioplastic Lite,Bioplastic,80,37.31,4.3413,0.9397,0.7329,44.98
Steady-Foam Paper Alpha,Bioplastic,63,22.48,3.7968,0.8026,0.5093,15.1
Uni-Shield Bioplastic Plus,Paper,24,30.41,0.9255,0.7821,0.603,46.01
Mini-Weave Metal Prime,Composite,78,27.93,8.0099,0.3838,1.6015,70.29
Active-Lid Metal Beta,Bioplastic,74,46.61,3.2782,0.8184,0.8571,90.84
Macro-Board Bioplastic Gamma,Composite,47,20.32,3.9864,0.2785,1.9102,92.96
Rigid-Fiber Composite Gamma,Composite,97,42.16,8.3329,0.2937,1.5174,64.56
Uni-Lid Bioplastic Elite,Composite,68,8.66,7.6947,0.3293,1.0403,19.21
Ultra-Box Bioplastic Plus,Bioplastic,29,18.45,3.382,0.8671,0.5203,23.83
Hard-Band Glass XL,Bioplastic,33,3.73,3.1023,0.9513,0.4009,56.89
Heavy-Strip Metal Gamma,Composite,24,12.4,3.6542,0.314,0.8978,93.85
Hyper-Sheet Glass Prime,Glass,81,2.76,3.7121,0.2887,0.5144,40.32
Dark-Bag Metal Eco,Composite,56,47.96,6.121,0.2629,1.6684,40.25
Matte-Board Metal Elite,Paper,36,35.28,1.1236,0.8315,0.7552,18.59
Porous-Shell Glass V3,Bioplastic,39,1.67,3.6162,0.8954,0.6042,13.18
Dual-Cord Composite Ultra,Metal,40,8.0,5.033,0.177,1.1199,71.07
Poly-Guard Composite Alpha,Bioplastic,47,40.47,3.4954,0.9538,0.7091,91.91
Passive-Cord Bioplastic Nano,Composite,86,49.62,7.1985,0.3047,2.1386,48.04
Pure-Shield Bioplastic Gamma,Bioplastic,36,17.28,2.6934,0.9712,0.5852,85.71
Lite-Box Composite Alpha,Composite,69,12.34,8.5668,0.3214,1.993,58.19
Macro-Foam Paper Nano,Metal,83,5.32,4.1675,0.1533,1.4175,83.74
Smart-Core Paper Alpha,Metal,31,25.2,4.821,0.0339,1.5954,15.79
Mega-Shield Composite Lite,Metal,93,18.48,4.6535,0.0358,2.2427,31.93
Mini-Layer Glass Nano,Paper,80,48.93,2.3697,0.8384,0.9465,89.89
Pure-Fiber Composite M,Paper,92,24.67,2.3899,0.8073,0.5494,62.67
Stable-Layer Metal XL,Composite,36,22.32,5.7749,0.3249,1.3196,17.1
Uni-Weave Composite Delta,Paper,72,25.54,1.9346,0.9251,0.6402,62.75
Smooth-Slab Bioplastic Prime,Glass,27,37.18,2.4786,0.2642,0.8582,82.51
Rigid-Cord Paper Gamma,Metal,57,19.1,5.785,0.1708,1.4256,84.3
Dual-Block Glass Beta,Metal,31,17.77,4.8737,0.107,2.3051,19.28
Mega-Sleeve Bioplastic Lite,Composite,43,36.72,7.6968,0.3845,2.0091,26.96
Nano-Seal Glass Ultra,Paper,62,3.69,1.7783,0.8709,0.2807,73.01
Stable-Panel Metal Gamma,Metal,34,14.28,3.2774,0.0311,1.7478,64.42
Ultra-Box Composite Gamma,Bioplastic,60,28.63,4.4159,0.9548,0.5513,78.73
Thin-Box Metal Pro,Paper,75,48.94,1.9674,0.7923,0.6763,74.48
Poly-Pouch Paper Plus,Bioplastic,74,13.86,3.9987,0.8167,0.4063,44.43
Passive-Base Glass Eco,Metal,58,43.75,5.348,0.0839,1.6587,85.91
Heavy-Cord Glass Delta,Metal,43,41.61,3.6659,0.1803,1.8291,74.02
Max-Bag Paper Pro,Bioplastic,41,10.33,3.945,0.8963,0.5575,76.63
Macro-Mesh Composite Pro,Metal,75,18.06,6.6177,0.0778,1.0955,76.56
Passive-Plate Bioplastic HD,Paper,96,10.33,2.6675,0.8657,0.3267,66.45
Lite-Pad Paper Elite,Glass,60,1.2,4.5723,0.2868,0.8916,36.89
Steady-Guard Glass V2,Glass,72,13.51,4.429,0.2976,1.3698,82.87
Active-Sheet Paper Lite,Glass,77,32.13,4.2124,0.1073,1.3979,25.95
Porous-Seal Paper M,Metal,89,38.83,6.5436,0.0432,1.6029,26.25
Dual-Lid Metal Ultra,Composite,93,47.78,6.2891,0.2728,1.5601,36.09
Rough-Strip Bioplastic Sigma,Paper,35,35.12,1.4069,0.8412,0.6543,39.94
Smart-Ring Glass Nano,Paper,89,21.58,2.6657,0.8172,0.6737,49.0
Hyper-Seal Metal Prime,Metal,67,9.26,6.0803,0.1086,1.5649,81.83
Poly-Slab Bioplastic Nano,Paper,75,31.89,2.2362,0.9376,0.7707,18.43
Uni-Strip Paper Beta,Metal,31,40.39,3.4697,0.1299,2.2283,44.96
Multi-Guard Metal XL,Glass,83,37.62,4.4324,0.2089,1.363,52.79
Stable-Plate Bioplastic M,Paper,24,33.55,1.2984,0.7924,0.7486,56.88
Open-Coat Bioplastic S,Composite,34,10.18,5.5461,0.2249,1.9829,87.69
Porous-Plate Bioplastic Pro,Metal,72,45.45,6.3727,0.1569,1.9482,89.87
Tri-Pouch Composite Eco,Paper,48,25.62,1.4572,0.8817,0.5284,86.73
Lite-Seal Metal Pro,Bioplastic,73,33.83,2.7282,0.9818,0.5914,12.23
Mega-Foam Metal Prime,Bioplastic,67,42.12,3.6275,0.9482,0.7882,24.48
Smooth-Frame Glass XL,Composite,93,49.65,5.7241,0.3947,1.4477,64.78
Eco-Strip Glass Pro,Composite,26,40.17,5.8626,0.2258,1.8852,93.08
Poly-Slab Paper Plus,Bioplastic,42,20.45,2.7299,0.8317,0.5369,70.35
Ultra-Liner Paper S,Metal,36,25.46,5.601,0.1569,2.4191,63.32
Macro-Shield Bioplastic M,Paper,53,41.95,1.4975,0.8145,0.6275,12.18
Dual-Strip Bioplastic Gamma,Bioplastic,21,31.63,2.8547,0.8056,0.8393,88.25
Mono-Liner Bioplastic M,Composite,30,28.8,3.5113,0.3468,2.1881,63.93
Mono-Mesh Metal M,Paper,65,9.73,2.0089,0.7944,0.3354,81.44
Stable-Fiber Paper Nano,Metal,68,38.63,6.3481,0.055,2.6888,63.33
Nano-Seal Glass Elite,Bioplastic,94,43.41,3.3596,0.9854,0.7232,22.06
Open-Shield Paper Eco,Composite,53,44.78,4.2682,0.2988,1.6015,81.26
Rough-Block Glass Ultra,Bioplastic,70,5.48,4.235,0.8827,0.4894,63.18
Sealed-Wrap Metal Beta,Metal,46,34.52,4.8147,0.0627,2.6077,78.73
Thin-Cap Bioplastic Prime,Composite,43,15.29,7.636,0.3319,1.6304,82.66
Porous-Seal Paper Prime,Paper,35,48.81,1.5966,0.8468,0.8523,56.45
Prime-Tube Glass Prime,Bioplastic,40,26.33,2.5639,0.8243,0.7457,55.56
Open-Tray Glass S,Paper,86,25.83,2.1538,0.9234,0.4727,28.44
Micro-Plate Bioplastic Plus,Glass,61,7.36,2.8036,0.2383,0.6549,33.26
Active-Film Paper Eco,Metal,45,47.68,4.6919,0.1103,1.8183,73.34
Pure-Wrap Paper Eco,Bioplastic,83,22.09,4.7938,0.9845,0.5609,26.82
Soft-Sheet Glass Ultra,Composite,55,48.11,4.3527,0.3586,1.9062,24.08
Heavy-Lid Bioplastic Plus,Metal,46,47.71,5.2482,0.1766,2.0127,73.5
Lite-Core Glass XL,Glass,60,31.33,3.9361,0.1859,1.247,41.79
Passive-Cap Bioplastic Plus,Composite,100,41.06,6.7774,0.3779,2.2803,31.51
Multi-Block Bioplastic Delta,Metal,72,15.03,7.0727,0.129,2.498,39.94
Pure-Coat Glass Lite,Metal,23,6.18,6.0248,0.0859,1.2407,30.85
Clear-Tray Metal Beta,Bioplastic,47,33.02,2.9365,0.9559,0.6191,37.08
Active-Pad Paper HD,Glass,21,35.98,2.2903,0.2135,1.097,29.78
Thick-Sheet Glass Eco,Bioplastic,28,19.59,3.0116,0.9055,0.4771,33.63
Eco-Cover Glass Plus,Paper,97,47.34,2.7341,0.8843,0.8256,64.93
Smooth-Sheet Paper Sigma,Composite,75,16.23,5.7085,0.2394,1.8456,52.39
Mono-Layer Bioplastic Eco,Glass,55,21.35,2.773,0.1342,0.955,42.54
Sealed-Cord Metal Gamma,Metal,93,1.55,4.3787,0.1567,1.7791,10.39
Clear-Foam Glass S,Metal,79,14.58,7.2703,0.0806,2.3895,88.03
Flex-Panel Paper Elite,Paper,25,17.2,0.8589,0.844,0.601,45.28
Bio-Pad Bioplastic Lite,Metal,58,14.1,6.5117,0.0801,1.8757,36.62
Mega-Strip Glass Prime,Composite,98,2.83,6.0732,0.3968,1.3403,64.49
Flex-Pouch Metal X,Bioplastic,35,42.23,3.8167,0.8205,0.7519,80.16
Flex-Panel Composite L,Glass,37,5.7,2.8503,0.2375,0.8855,24.47
Passive-Panel Paper V3,Composite,44,36.34,7.254,0.3632,1.7285,10.42
Prime-Foam Metal Alpha,Paper,26,13.35,1.3017,0.7722,0.5976,16.38
Rigid-Liner Bioplastic Plus,Composite,62,34.55,7.5232,0.2759,1.9039,88.61
Dark-Plate Bioplastic Eco,Paper,94,23.3,2.2995,0.9224,0.6389,85.46
Hard-Block Paper L,Composite,72,32.03,7.1802,0.3044,1.3289,50.62
Eco-Lid Paper X,Metal,82,48.83,5.3294,0.1462,1.727,32.42
Tri-Cap Bioplastic XL,Metal,57,35.71,4.9491,0.1671,1.6207,65.01
Lite-Slab Composite Nano,Paper,46,34.9,1.3113,0.8489,0.5927,66.99
Mono-Block Bioplastic S,Composite,79,41.02,5.2068,0.2209,1.3806,60.19
Passive-Guard Composite Elite,Composite,87,25.94,5.9188,0.3889,1.8296,65.7
Active-Panel Paper Beta,Bioplastic,84,5.73,3.1975,0.9833,0.4515,48.46
Clear-Liner Bioplastic XL,Bioplastic,99,25.92,4.7844,0.8376,0.6103,23.96
Mini-Cover Paper Alpha,Glass,59,47.6,3.8499,0.1204,1.3248,19.11
Multi-Base Metal Max,Metal,34,12.41,6.5723,0.0374,1.067,66.26
Lite-Panel Glass Lite,Paper,77,17.92,1.9551,0.8601,0.4655,28.03
Ultra-Shield Paper X,Metal,70,25.36,5.8055,0.0106,1.5625,18.31
Thick-Block Composite M,Composite,68,36.73,6.0194,0.2588,1.5705,60.49
Thin-Base Glass Alpha,Metal,87,30.57,6.1867,0.0218,1.2805,31.16
Passive-Foam Composite Delta,Bioplastic,34,11.37,2.0452,0.8071,0.4602,15.6
Matte-Disc Bioplastic Beta,Composite,32,14.14,7.3234,0.3399,1.3469,43.4
Clear-Seal Composite V2,Metal,48,36.83,6.7962,0.0537,1.5769,76.79
Hyper-Sheet Bioplastic HD,Glass,64,32.03,4.2329,0.1576,0.8028,25.73
Passive-Pouch Composite HD,Bioplastic,99,24.1,3.8445,0.9813,0.5764,36.78
Hard-Guard Metal Beta,Bioplastic,28,8.75,2.4777,0.891,0.7124,66.61
Poly-Barrier Metal S,Metal,74,17.04,4.6134,0.0528,1.1859,67.73
Rapid-Shell Composite Gamma,Composite,21,29.9,7.486,0.3166,1.605,31.04
Thin-Band Composite Gamma,Composite,34,2.74,3.5565,0.336,1.0962,29.4
Bio-Block Composite Beta,Bioplastic,84,8.78,3.2302,0.8188,0.4496,72.58
Rapid-Disc Glass Max,Composite,77,24.79,5.8834,0.3091,1.764,31.55
Thin-Strip Metal Nano,Glass,78,1.17,3.7358,0.242,1.2048,75.83
Bio-Tray Bioplastic V3,Paper,96,24.48,2.4185,0.8539,0.6167,22.57
Uni-Pad Composite Pro,Composite,72,42.89,7.1412,0.2283,1.7463,30.77
Smooth-Plate Glass Prime,Glass,75,18.29,4.5376,0.1388,1.4268,64.29
Ultra-Block Glass Elite,Composite,55,43.92,6.8867,0.3798,1.6983,91.46
Flex-Pouch Composite Nano,Bioplastic,87,9.16,4.8024,0.8698,0.4641,60.08
Sealed-Shield Metal Beta,Glass,55,15.81,2.5904,0.204,0.9127,62.05
Max-Shell Glass V3,Bioplastic,75,39.87,3.882,0.9585,0.7775,19.37
Hyper-Disc Composite L,Metal,21,25.2,5.5093,0.0933,1.3773,92.17
Multi-Board Glass Pro,Composite,99,28.13,5.4955,0.2974,1.0788,35.05
Smart-Net Composite Prime,Composite,78,2.53,5.6053,0.3186,0.8091,35.99
Pro-Disc Paper Nano,Bioplastic,75,17.94,4.4115,0.81,0.4745,84.69
Dense-Seal Composite M,Composite,84,33.43,7.8631,0.231,1.1575,33.01
Gloss-Strip Composite Nano,Paper,45,21.89,1.755,0.8082,0.4085,89.3
Thick-Base Glass S,Composite,51,40.68,6.623,0.2845,2.2871,18.34
Steady-Pad Metal Delta,Glass,53,46.05,3.7735,0.1347,1.2892,84.45
Pro-Plate Composite Ultra,Metal,94,7.39,7.2855,0.05,1.5984,26.96
Porous-Seal Metal Elite,Bioplastic,59,4.74,3.562,0.9257,0.5057,41.96
Open-Cord Glass Gamma,Glass,75,5.25,4.0585,0.2388,0.9356,68.24
Open-Cap Metal Nano,Glass,65,23.68,3.6409,0.1841,1.045,12.35
Tri-Cover Paper S,Glass,91,1.81,4.9069,0.1177,0.6106,87.08
Stable-Lid Composite Beta,Metal,51,29.23,4.9065,0.1242,2.5422,84.61
Macro-Shield Glass Elite,Bioplastic,26,37.89,2.5575,0.8806,0.6213,78.64
Pro-Cord Glass XL,Bioplastic,86,23.28,3.0876,0.8109,0.8048,65.24
Micro-Sheet Metal Beta,Metal,62,29.92,6.8545,0.1131,2.2351,83.47
Rapid-Block Paper Prime,Paper,35,37.15,1.4209,0.8979,0.5674,27.43
Mono-Net Bioplastic Delta,Glass,38,28.32,4.288,0.1273,1.4792,64.37
Porous-Foam Paper Nano,Bioplastic,39,15.39,2.6556,0.9978,0.3965,51.22
Prime-Guard Bioplastic Plus,Metal,45,6.18,3.3501,0.1208,1.1434,18.23
Micro-Lid Metal X,Metal,46,5.63,3.4649,0.1012,1.5424,88.71
Clear-Pouch Paper Nano,Glass,58,20.53,4.7219,0.2641,1.3587,56.47
Thin-Fiber Bioplastic M,Metal,98,34.23,7.7184,0.1234,1.8908,64.08
Hard-Box Composite Delta,Composite,43,7.51,6.9362,0.2481,1.4089,69.47
Mono-Base Bioplastic Gamma,Glass,45,24.07,2.9381,0.2335,1.488,51.9
Rapid-Weave Composite M,Bioplastic,55,19.86,3.7414,0.8215,0.6054,46.11
Max-Frame Metal Nano,Glass,23,14.53,2.1243,0.1779,1.0897,12.9
Hard-Barrier Bioplastic Lite,Paper,99,22.5,2.8295,0.8209,0.4468,85.01
Micro-Disc Bioplastic Gamma,Glass,78,14.21,5.1199,0.1715,1.3068,52.77
Poly-Tube Bioplastic Max,Glass,64,45.18,3.8351,0.2026,1.0714,22.87
Rapid-Cap Composite M,Paper,92,17.29,2.5834,0.9073,0.4364,74.82
Rapid-Slab Paper Sigma,Glass,58,46.21,2.7101,0.2679,1.3291,91.82
Mini-Liner Glass Max,Metal,97,33.12,6.6077,0.1855,2.3943,54.66
Lite-Net Glass Delta,Bioplastic,36,35.04,3.1459,0.9161,0.8242,80.54
Open-Shield Paper Alpha,Bioplastic,28,2.72,3.507,0.8318,0.3058,19.03
Rough-Band Glass V2,Composite,80,16.52,5.4188,0.3543,1.9859,77.63
Pure-Coat Glass Eco,Bioplastic,33,45.04,2.2645,0.9785,0.9927,45.7
Sealed-Cord Bioplastic X,Bioplastic,28,3.57,2.316,0.8075,0.5757,47.53
Rapid-Fiber Glass Gamma,Paper,67,30.52,2.1524,0.9347,0.5815,69.39
Dense-Pad Bioplastic Eco,Glass,68,7.09,4.1623,0.2113,0.7075,51.74
Rapid-Disc Composite Alpha,Glass,56,11.66,4.1527,0.1868,1.0194,77.15
Dense-Shell Metal Gamma,Metal,31,29.31,5.4921,0.1337,1.4984,78.85
Stable-Box Composite Pro,Glass,20,18.3,2.6977,0.2093,0.7206,25.75
Super-Band Bioplastic Max,Paper,87,25.06,2.5478,0.8641,0.5727,39.93
Matte-Foam Metal Pro,Metal,99,45.04,7.7157,0.1603,2.0087,63.17
Bright-Core Metal XL,Metal,29,28.67,3.5197,0.1034,1.3381,52.39
Open-Frame Bioplastic Eco,Composite,26,30.27,4.776,0.2448,2.1514,88.39
Hyper-Frame Paper Lite,Glass,52,19.83,3.2274,0.2745,0.8046,34.49
Pure-Net Composite HD,Paper,88,28.98,2.5793,0.9364,0.6198,43.93
Matte-Foam Metal V3,Bioplastic,27,27.52,3.5658,0.9166,0.89,93.72
Dense-Cord Glass Gamma,Paper,23,2.1,1.0418,0.7901,0.4674,15.05
Macro-Cover Metal Max,Paper,46,27.58,1.6736,0.9348,0.6548,84.65
Matte-Strip Glass XL,Paper,50,24.93,1.7931,0.8628,0.6123,80.98
Matte-Disc Metal Pro,Metal,24,17.62,3.2024,0.0832,2.1851,89.0
Rapid-Strip Metal X,Composite,90,24.2,5.1696,0.3447,1.0869,52.21
Tri-Pouch Composite M,Metal,48,32.69,5.0713,0.0607,2.5017,92.57
Smart-Sheet Glass Alpha,Paper,22,46.6,0.8045,0.9064,0.7049,61.69
Thin-Guard Composite Ultra,Bioplastic,68,34.26,4.0811,0.9105,0.6035,75.08
Mega-Cover Bioplastic Sigma,Metal,36,21.77,4.8133,0.0276,1.7746,86.26
Active-Slab Composite Prime,Paper,67,17.91,1.8787,0.9336,0.4306,17.82
Open-Tube Metal Sigma,Bioplastic,21,11.74,3.16,0.9777,0.6747,58.28
Open-Tube Metal XL,Glass,21,43.73,2.3698,0.1114,0.9626,47.28
Rapid-Strip Composite L,Glass,56,2.66,3.2893,0.231,0.702,34.86
Mini-Liner Paper Lite,Paper,97,20.19,2.6517,0.8813,0.4048,89.76
Prime-Board Glass Max,Composite,46,25.0,6.955,0.2714,2.0681,28.72
Nano-Tube Metal Gamma,Composite,58,47.1,7.3929,0.2585,1.9754,54.78
Passive-Bag Bioplastic XL,Paper,54,16.28,1.7278,0.7709,0.4468,44.92
Smooth-Coat Composite Lite,Composite,99,24.57,5.1252,0.3824,1.9754,54.28
Hard-Ring Paper V3,Composite,59,37.22,4.9074,0.2745,2.0719,22.07
Uni-Net Glass Prime,Composite,50,35.07,6.6596,0.2908,1.2078,52.41
Mono-Cord Metal Sigma,Metal,24,13.88,5.1947,0.0601,2.4864,15.08
Clear-Guard Metal Prime,Bioplastic,98,19.5,3.2573,0.8765,0.6126,29.08
Dual-Weave Metal XL,Paper,68,9.63,1.9471,0.7605,0.3678,56.03
Micro-Ring Composite Ultra,Glass,64,46.89,4.6821,0.2509,1.2179,80.39
Mini-Disc Bioplastic V2,Composite,53,40.61,6.4602,0.3515,1.5352,80.49
Smart-Fiber Bioplastic L,Paper,75,43.35,2.2804,0.9357,0.8392,78.63
Heavy-Shell Paper Ultra,Metal,90,19.71,7.027,0.1356,2.3849,89.73
Clear-Guard Bioplastic X,Metal,79,21.48,6.799,0.1538,1.505,91.63
Heavy-Box Composite Delta,Composite,79,37.41,8.4485,0.2264,1.1123,77.97
Open-Lid Metal S,Bioplastic,55,4.73,2.8549,0.9086,0.4223,43.54
Mono-Ring Bioplastic Beta,Glass,98,14.08,3.9512,0.1501,1.1432,75.58
Hyper-Guard Metal XL,Bioplastic,21,6.65,2.8055,0.8642,0.4123,25.2
Porous-Barrier Bioplastic Elite,Glass,79,1.35,2.9995,0.1074,0.7805,64.21
Max-Lid Glass Pro,Glass,91,11.28,3.3489,0.2878,0.814,61.88
Open-Sheet Paper Delta,Paper,60,47.69,1.7922,0.8016,0.8929,32.06
Heavy-Foam Glass Ultra,Glass,83,6.8,4.4467,0.1294,1.0424,14.21
Bio-Disc Composite Pro,Glass,34,32.9,2.4854,0.2013,1.1612,36.97
Super-Box Paper Elite,Metal,90,36.01,4.4841,0.1429,1.6487,31.88
Tri-Tube Composite S,Bioplastic,65,27.25,2.6486,0.8469,0.5562,53.09
Bright-Slab Composite Sigma,Bioplastic,34,25.8,2.4092,0.8652,0.6465,79.93
Bio-Liner Paper V3,Metal,73,4.03,5.5519,0.0566,0.9773,61.59
Hard-Base Bioplastic Prime,Composite,66,17.08,5.9158,0.3304,1.4556,92.75
Uni-Film Metal Eco,Paper,99,2.04,2.5326,0.8082,0.2454,60.25
Super-Barrier Paper Plus,Bioplastic,33,30.65,3.5199,0.9022,0.8588,53.2
Open-Liner Paper X,Composite,94,35.79,8.8157,0.2758,1.7771,65.85
Lite-Barrier Glass Gamma,Metal,39,19.36,7.0716,0.0157,1.2096,89.52
Poly-Film Paper Alpha,Paper,48,28.49,1.8588,0.8761,0.6851,55.81
Sealed-Guard Metal Beta,Metal,35,42.46,5.1819,0.0103,2.0331,54.58
Macro-Fiber Glass Eco,Composite,76,16.19,5.1781,0.315,1.9752,37.94
Green-Seal Glass Delta,Bioplastic,66,11.93,3.2033,0.9945,0.6365,47.83
Clear-Shield Composite Pro,Bioplastic,72,18.41,3.3969,0.9011,0.79,65.53
Thin-Coat Glass Max,Glass,97,11.9,5.0699,0.146,1.2613,93.87
Steady-Strip Bioplastic S,Metal,88,12.62,7.7107,0.1348,2.0251,61.47
Uni-Liner Composite Alpha,Glass,56,17.41,2.7795,0.1817,1.0581,22.61
Rigid-Lid Glass XL,Metal,83,31.82,7.0847,0.18,2.5328,11.32
Steady-Slab Glass Plus,Bioplastic,35,21.22,3.4757,0.9423,0.6401,18.58
Pro-Tray Glass Gamma,Metal,24,41.78,3.0221,0.0334,1.4273,53.77
Uni-Barrier Bioplastic Pro,Metal,87,45.97,7.6714,0.0709,1.9632,57.34
Soft-Disc Bioplastic X,Paper,57,6.39,1.9836,0.9297,0.4213,62.41
Macro-Weave Bioplastic Gamma,Composite,25,4.15,7.3512,0.39,1.8543,63.62
Smooth-Net Composite Eco,Paper,75,14.82,2.1124,0.7769,0.3832,75.11
Open-Panel Paper L,Paper,85,4.65,2.5426,0.8687,0.3375,65.2
Stable-Base Glass Eco,Glass,68,16.36,3.1488,0.2445,0.867,75.71
Pure-Plate Composite Gamma,Metal,49,15.22,4.7433,0.1128,2.3982,59.29
Multi-Band Paper XL,Composite,74,14.62,5.9699,0.3515,2.0104,13.56
Sealed-Guard Composite Prime,Bioplastic,46,21.81,2.7309,0.9759,0.5838,39.52
Dense-Ring Composite Beta,Metal,41,6.37,4.3243,0.0878,2.2917,34.52
Max-Plate Glass Elite,Metal,53,49.45,6.4109,0.1849,2.3942,21.99
Mega-Ring Bioplastic Pro,Paper,46,27.83,1.5498,0.7838,0.6378,13.38
Max-Plate Glass M,Composite,89,27.13,5.4386,0.2977,1.9782,41.41
Stable-Seal Glass Alpha,Glass,56,47.12,3.7766,0.2464,1.3679,80.64
Thin-Cord Paper HD,Bioplastic,57,45.94,3.8182,0.9838,0.7474,85.55
Bio-Cover Metal Eco,Bioplastic,83,13.52,4.6317,0.9986,0.6679,19.9
Uni-Cap Bioplastic Gamma,Paper,65,40.28,2.0594,0.7945,0.6051,23.32
Sealed-Pad Glass Sigma,Bioplastic,62,14.17,3.7486,0.9026,0.6925,70.08
Bright-Slab Paper Elite,Metal,60,44.67,3.7977,0.0201,2.4044,54.31
Pure-Barrier Composite Gamma,Metal,44,42.15,5.8754,0.1755,1.375,63.93
Dual-Core Bioplastic Nano,Paper,21,12.67,1.0925,0.9244,0.3728,26.63
Open-Barrier Bioplastic Elite,Glass,80,8.0,4.7905,0.2467,0.7861,26.88
Heavy-Pouch Bioplastic Nano,Metal,31,47.57,6.3701,0.1499,1.3805,15.72
Mega-Liner Composite Alpha,Glass,91,30.76,4.782,0.1078,1.338,62.14
Micro-Layer Paper L,Glass,100,29.4,4.803,0.1968,1.2996,25.31
Mini-Disc Bioplastic V3,Bioplastic,58,42.11,4.1526,0.9336,0.8572,63.55
Bright-Tray Glass Sigma,Metal,96,18.18,6.2217,0.0193,1.2504,84.88
Prime-Film Composite Delta,Bioplastic,56,21.27,3.2654,0.8495,0.6226,24.98
Matte-Box Paper Lite,Paper,60,33.2,1.7412,0.8296,0.5504,84.98
Hyper-Weave Paper Delta,Metal,82,30.25,6.7358,0.0058,1.6044,28.28
Multi-Foam Bioplastic S,Paper,72,3.51,2.2145,0.8023,0.3104,43.27
Uni-Layer Composite V2,Bioplastic,76,21.55,3.2962,0.8109,0.6497,28.61
Green-Block Metal Gamma,Bioplastic,25,15.77,2.5714,0.9145,0.4643,27.53
Steady-Disc Composite V3,Bioplastic,100,5.96,5.1771,0.9222,0.3513,55.88
Multi-Film Glass XL,Metal,22,40.22,3.2375,0.1409,2.6705,75.18
Pure-Coat Bioplastic Pro,Bioplastic,90,3.64,3.1574,0.8421,0.4906,93.74
Flex-Foam Glass S,Paper,88,20.08,2.5048,0.808,0.4292,41.78
Stable-Board Metal Plus,Glass,72,11.17,4.4533,0.288,0.6206,11.7
Micro-Guard Paper HD,Metal,87,5.57,5.7221,0.097,1.1911,35.62
Max-Core Composite Beta,Composite,49,31.76,6.8075,0.2068,1.9375,79.1
Hard-Plate Paper M,Paper,68,32.94,1.7822,0.8981,0.5904,17.22
Lite-Sheet Metal V2,Metal,29,25.47,5.7384,0.1465,1.1849,73.13
Hyper-Plate Paper Ultra,Bioplastic,89,30.44,3.3407,0.9472,0.8614,26.51
Open-Liner Metal Eco,Composite,97,43.04,8.193,0.285,2.0426,35.68
Poly-Net Composite Ultra,Composite,78,10.53,5.5228,0.3312,1.391,34.76
Dense-Coat Glass Delta,Metal,31,11.5,4.6344,0.0557,1.4416,69.74
Mini-Foam Glass Lite,Bioplastic,84,12.61,2.9741,0.8994,0.5236,41.68
Pro-Coat Bioplastic Elite,Paper,89,35.87,2.3787,0.8656,0.5462,75.55
Rough-Shell Glass Eco,Paper,77,18.81,2.1997,0.8786,0.4678,78.82
Smart-Guard Paper M,Glass,30,5.22,2.3724,0.273,0.924,31.25
Stable-Tray Metal Eco,Bioplastic,38,20.46,3.6794,0.9047,0.7805,74.65
Gloss-Seal Bioplastic Eco,Glass,27,38.49,2.4945,0.1623,1.1352,22.8
Tri-Coat Metal V3,Paper,61,34.61,1.8993,0.9243,0.6065,27.78
Micro-Tube Paper Ultra,Bioplastic,91,39.84,4.1603,0.8626,0.8992,37.36
Flex-Net Bioplastic Gamma,Glass,81,25.96,4.909,0.2986,0.8047,18.93
Hyper-Slab Paper L,Metal,29,19.1,5.944,0.0324,2.2132,24.13
Rough-Tray Composite Pro,Metal,76,43.55,4.4076,0.1771,2.0783,63.22
Lite-Strip Composite Elite,Composite,87,24.62,7.8356,0.3094,1.4455,35.22
Micro-Sleeve Composite Pro,Paper,75,49.79,2.246,0.926,0.7592,37.4
Tri-Ring Metal S,Paper,67,28.41,1.7813,0.808,0.6696,78.24
Lite-Board Bioplastic XL,Glass,67,26.21,3.2927,0.1926,1.4911,88.8
Pure-Barrier Glass XL,Glass,37,8.63,3.7132,0.1948,0.8205,25.23
Active-Cover Bioplastic M,Composite,80,3.82,8.6987,0.2624,0.9834,68.99
Steady-Core Bioplastic Prime,Glass,88,23.2,3.3684,0.225,1.1876,15.68
Thick-Layer Metal Plus,Composite,91,44.23,6.1378,0.2028,1.3935,34.16
Lite-Shell Glass Delta,Bioplastic,74,29.43,3.3454,0.9249,0.6956,31.65
Macro-Liner Bioplastic Sigma,Metal,89,32.26,5.01,0.1185,1.3771,28.4
Porous-Seal Glass Beta,Bioplastic,42,13.52,2.3026,0.9594,0.6101,75.11
Smooth-Guard Bioplastic Prime,Bioplastic,62,28.99,4.1897,0.921,0.9166,72.67
Prime-Coat Composite HD,Glass,98,33.59,4.4015,0.1336,1.4426,94.07
Dark-Pouch Glass Eco,Metal,31,46.51,5.4375,0.0287,2.0783,10.02
Tri-Coat Glass Beta,Glass,29,44.85,2.0948,0.2023,1.2803,66.51
Core-Pad Composite Max,Composite,61,15.48,7.364,0.2482,1.3467,75.78
Steady-Layer Glass Max,Metal,80,18.07,7.2788,0.0634,1.198,61.46
Rapid-Fiber Paper Lite,Metal,47,47.79,7.0301,0.1667,2.4449,81.39
Heavy-Seal Glass Elite,Glass,91,22.36,4.7492,0.1501,0.7998,86.48
Mega-Wrap Composite M,Paper,64,9.31,2.1064,0.9211,0.5043,39.41
Dark-Layer Paper V3,Bioplastic,74,11.08,3.8484,0.9996,0.7266,42.51
Rough-Shield Bioplastic Pro,Metal,42,46.69,7.1224,0.0392,1.9084,26.57
Stable-Layer Metal Gamma,Glass,95,15.86,3.507,0.1738,0.8416,88.33
Smart-Sleeve Composite Nano,Bioplastic,97,14.01,4.4815,0.9283,0.5394,94.64
Gloss-Sheet Bioplastic Lite,Bioplastic,52,14.07,2.4133,0.9144,0.3929,71.03
Eco-Liner Glass Eco,Composite,80,49.86,7.1819,0.2981,1.7867,84.37
Thick-Strip Paper L,Glass,89,40.47,3.264,0.1058,1.6001,23.02
Macro-Liner Bioplastic X,Paper,42,43.61,1.2624,0.8339,0.8698,14.76
Open-Film Bioplastic M,Paper,27,16.05,1.3618,0.8055,0.5963,65.68
Mini-Wrap Glass V2,Composite,22,16.97,6.1968,0.3799,1.967,24.38
Smart-Lid Composite Plus,Composite,95,36.25,6.3115,0.2028,1.8799,45.39
Clear-Seal Composite Plus,Glass,27,3.72,3.7551,0.2003,1.1004,17.14
Gloss-Strip Metal Beta,Paper,76,2.7,2.2047,0.8877,0.3298,64.0
Bio-Coat Composite Eco,Bioplastic,20,15.9,2.7699,0.8235,0.5855,81.07
Dual-Cap Metal V2,Glass,31,28.53,3.0386,0.1233,0.8377,72.01
Multi-Cap Metal M,Metal,43,16.22,5.7225,0.004,1.3162,10.89
Dark-Fiber Glass M,Glass,67,23.29,4.6698,0.2886,0.9591,67.88
Bio-Cord Metal Prime,Paper,44,37.5,1.636,0.8121,0.6688,34.4
Matte-Cord Glass Ultra,Bioplastic,55,7.45,2.9848,0.8452,0.3898,85.1
Ultra-Disc Bioplastic Sigma,Composite,42,48.97,4.7812,0.2879,1.3206,40.19
Sealed-Sleeve Metal Elite,Bioplastic,66,17.77,3.8508,0.8899,0.6701,80.7
Passive-Frame Composite HD,Composite,24,47.51,5.855,0.2311,1.8776,94.47
Mega-Band Metal Nano,Metal,75,17.67,7.072,0.1593,1.3879,69.47
Multi-Barrier Bioplastic Gamma,Glass,84,27.8,4.7149,0.1538,1.1686,27.91
Sealed-Box Glass V2,Paper,47,23.65,1.3073,0.7731,0.614,25.85
Bright-Frame Bioplastic Lite,Metal,37,23.63,4.4335,0.1128,2.1238,86.61
Mono-Disc Composite M,Glass,61,35.21,4.0048,0.2739,0.8384,45.82
Rapid-Layer Metal Sigma,Composite,62,17.17,8.0131,0.2374,1.3213,23.83
Active-Cover Composite S,Paper,89,9.71,2.142,0.9118,0.414,58.96
Soft-Mesh Paper L,Paper,75,36.68,2.1105,0.7987,0.7638,61.08
Heavy-Coat Composite Lite,Composite,81,34.09,5.7408,0.3942,2.1138,74.87
Matte-Liner Bioplastic Elite,Bioplastic,84,5.84,3.7833,0.8539,0.5294,60.41
Uni-Pad Metal Delta,Bioplastic,40,25.85,3.8863,0.9773,0.8846,90.14
Thick-Net Bioplastic Elite,Bioplastic,45,47.6,3.2846,0.8279,0.9814,77.03
Thick-Wrap Metal V2,Paper,26,48.53,1.0401,0.9032,0.9057,48.99
Tri-Lid Metal Lite,Glass,41,23.3,3.6689,0.1401,0.8507,36.14
Sealed-Slab Glass XL,Glass,43,12.19,2.7073,0.118,0.7977,68.2
Green-Sleeve Composite Gamma,Glass,67,0.74,3.0905,0.12,0.9273,43.49
Flex-Shield Bioplastic Ultra,Metal,47,45.69,5.9635,0.1663,2.4162,74.86
Bio-Seal Metal Elite,Metal,32,19.68,4.3157,0.1871,1.6966,37.8
Mega-Mesh Bioplastic Elite,Bioplastic,56,41.08,3.8261,0.8849,0.8083,16.09
Ultra-Cord Metal Ultra,Bioplastic,82,33.66,4.821,0.8054,0.9308,25.14
Clear-Sheet Metal Plus,Glass,50,18.77,3.1477,0.2646,1.1562,73.89
Super-Tray Composite XL,Bioplastic,29,32.46,2.1134,0.8376,0.6491,47.01
Thin-Film Metal Elite,Glass,63,19.51,3.0557,0.1301,0.924,67.4
Heavy-Weave Glass Lite,Composite,81,2.22,8.6375,0.2843,0.9385,68.0
Flex-Board Metal Plus,Glass,33,23.51,2.2418,0.2372,0.7962,83.31
Pro-Tray Composite Alpha,Metal,21,8.46,3.3656,0.1014,2.014,10.99
Poly-Fiber Composite Nano,Glass,71,21.41,2.9399,0.185,1.2878,19.86
Bright-Mesh Paper Sigma,Bioplastic,77,25.35,4.3464,0.9424,0.8312,92.6
Clear-Liner Composite L,Glass,34,39.38,4.2376,0.2063,1.1806,67.35
Flex-Sleeve Bioplastic L,Bioplastic,39,0.84,3.9174,0.9415,0.3515,53.77
Eco-Slab Metal HD,Glass,98,36.52,4.361,0.1097,1.0706,20.33
Hard-Seal Paper V3,Paper,82,23.28,2.0175,0.8699,0.5236,46.18
Uni-Lid Composite Gamma,Metal,57,38.46,3.6806,0.0534,1.7245,45.45
Matte-Box Glass Prime,Metal,77,16.57,6.4385,0.1192,1.6016,13.11
Matte-Cover Glass M,Glass,70,12.81,2.9849,0.1189,1.1895,63.8
Hyper-Core Metal Prime,Composite,75,44.69,5.8197,0.2916,1.9076,88.1
Mini-Strip Glass Eco,Bioplastic,87,28.67,3.0805,0.8653,0.542,61.8
Mega-Panel Glass L,Glass,32,19.4,4.1966,0.1158,1.416,73.69
Multi-Mesh Paper S,Metal,74,20.34,4.6381,0.1494,2.1858,73.13
Flex-Coat Metal Nano,Composite,30,41.92,5.3071,0.2233,1.3692,32.18
Thin-Slab Paper Beta,Bioplastic,58,30.97,3.4875,0.9587,0.8274,14.15
Pure-Sleeve Composite Max,Paper,93,23.91,2.6284,0.8374,0.6432,76.16
Matte-Tray Glass Alpha,Paper,55,25.33,1.4752,0.8297,0.4877,34.22
Matte-Wrap Composite Elite,Bioplastic,20,20.66,1.6971,0.8829,0.4985,32.7
Pro-Fiber Glass Plus,Glass,96,39.62,4.7167,0.1194,1.0561,70.27
Lite-Cap Composite Plus,Metal,48,3.65,4.5182,0.1424,2.177,59.97
Rigid-Band Composite X,Bioplastic,96,16.77,3.9503,0.986,0.4127,38.95
Bio-Wrap Paper Pro,Glass,64,41.22,3.0139,0.2709,1.2914,55.24
Ultra-Panel Metal Elite,Bioplastic,41,33.81,2.5863,0.8065,0.919,92.26
Super-Seal Composite Prime,Bioplastic,100,24.58,5.2102,0.8166,0.785,55.02
Dense-Fiber Metal X,Composite,58,14.95,5.3475,0.3349,0.905,63.11
Sealed-Shield Paper Lite,Metal,41,31.4,5.4448,0.0831,2.3614,73.87
Prime-Ring Composite XL,Paper,56,28.04,1.7399,0.7969,0.7368,21.19
Thick-Seal Metal Beta,Paper,97,47.47,2.3579,0.8291,0.7181,19.4
Gloss-Film Metal Delta,Composite,57,9.34,4.6401,0.3555,1.6948,44.09
Uni-Coat Glass Beta,Paper,72,17.93,1.9098,0.9301,0.443,75.49
Pro-Tray Bioplastic Pro,Paper,100,5.73,2.8366,0.942,0.4658,37.01
Heavy-Bag Bioplastic Gamma,Metal,88,26.86,5.0766,0.0808,2.3038,34.33
Green-Cap Glass Delta,Glass,77,8.27,4.8614,0.18,0.5654,80.54
Smart-Tray Paper Lite,Bioplastic,79,32.98,4.193,0.8197,0.8019,45.54
Smart-Shield Composite HD,Metal,73,20.81,6.3602,0.1238,1.316,62.69
Thick-Core Composite M,Composite,30,30.18,6.6215,0.3891,1.4118,31.24
Clear-Box Composite Lite,Composite,92,31.46,7.6512,0.3904,1.0619,61.11
Tri-Tray Glass Ultra,Paper,69,27.83,2.2049,0.9201,0.5067,41.37
Uni-Fiber Bioplastic Eco,Paper,50,9.17,1.8654,0.9343,0.3685,34.9
Core-Net Bioplastic M,Metal,23,10.75,4.6855,0.049,1.9124,94.13
Pro-Cap Bioplastic XL,Composite,42,48.65,5.8409,0.2222,1.9313,38.16
Smart-Strip Composite V3,Composite,40,12.62,6.777,0.214,1.7445,67.97
Rough-Pad Composite Eco,Bioplastic,72,43.42,4.6712,0.9724,0.7023,45.45
Soft-Sleeve Paper X,Metal,53,44.23,5.5788,0.1432,2.2528,94.08
Eco-Barrier Glass Ultra,Bioplastic,23,22.21,3.359,0.812,0.7868,80.41
Ultra-Guard Paper Eco,Metal,25,18.49,5.709,0.1023,2.0593,46.43
Nano-Pouch Bioplastic Max,Glass,35,5.63,3.9636,0.2516,1.0001,77.29
Matte-Tube Glass M,Composite,41,18.64,6.5088,0.2284,1.1981,51.02
Mini-Base Bioplastic Pro,Paper,53,5.31,1.7631,0.7648,0.5029,51.78
Prime-Band Composite Delta,Composite,51,37.97,5.3267,0.3378,1.4965,48.28
Bio-Liner Metal L,Glass,53,28.63,3.7677,0.2523,0.8847,34.52
Mega-Guard Composite Prime,Metal,48,44.07,5.5796,0.1428,1.8007,70.85
Stable-Core Bioplastic V3,Glass,92,31.88,4.2856,0.188,1.0347,73.22
Rapid-Sleeve Paper HD,Composite,36,7.75,4.8063,0.2768,1.5616,12.38
Rapid-Disc Bioplastic X,Bioplastic,47,29.37,2.4938,0.8024,0.6794,53.23
Thin-Weave Paper V2,Metal,86,20.59,6.5511,0.0341,1.6222,23.25
Core-Cap Glass Prime,Bioplastic,84,16.06,3.6812,0.9731,0.5947,24.38
Gloss-Plate Paper M,Glass,87,24.36,4.2048,0.176,1.2586,15.5
Passive-Band Bioplastic Gamma,Paper,48,15.81,1.4334,0.8057,0.5715,77.09
Dark-Layer Paper Delta,Metal,45,18.15,5.1184,0.1825,2.441,81.4
Green-Bag Glass Delta,Composite,87,44.96,7.8021,0.2727,1.209,63.24
Steady-Panel Metal Plus,Bioplastic,62,25.62,3.0375,0.9923,0.8348,55.71
Mono-Base Composite Lite,Glass,30,48.54,2.1231,0.2133,1.1638,31.77
Stable-Sleeve Paper Gamma,Metal,43,34.64,5.8156,0.049,2.2809,48.77
Stable-Film Metal Sigma,Paper,25,48.98,0.9962,0.8055,0.8927,72.33
Flex-Core Bioplastic HD,Metal,28,45.35,3.5203,0.0606,1.6651,30.73
Clear-Wrap Bioplastic L,Paper,94,24.13,2.284,0.9263,0.4366,77.15
Nano-Tube Composite XL,Glass,29,10.22,2.2361,0.1167,0.7401,56.1
Dark-Strip Bioplastic Ultra,Bioplastic,47,30.12,2.7939,0.8019,0.7131,86.92
Super-Band Glass Prime,Metal,76,38.98,4.72,0.1612,2.2114,48.78
Multi-Guard Bioplastic Beta,Metal,20,12.96,4.4176,0.0541,1.9763,37.93
Pro-Seal Composite Pro,Bioplastic,81,25.95,4.7638,0.8599,0.8464,31.17
Dense-Frame Glass L,Metal,55,34.05,5.4868,0.1252,1.4077,74.31
Dense-Seal Paper HD,Metal,43,24.64,4.5389,0.1949,1.8522,23.87
Tri-Guard Bioplastic L,Composite,28,38.14,6.3211,0.2189,2.1358,39.11
Heavy-Weave Bioplastic Pro,Metal,88,41.22,4.9553,0.0217,1.6599,36.11
Ultra-Core Composite Beta,Composite,59,16.34,6.3138,0.2206,1.2435,61.81
Clear-Seal Paper Sigma,Metal,93,33.76,5.5565,0.0384,1.832,24.6
Pro-Sheet Glass Pro,Bioplastic,40,30.7,2.3711,0.9913,0.9395,65.55
Super-Mesh Bioplastic Prime,Glass,73,39.1,3.4526,0.2866,1.2486,82.78
Lite-Wrap Glass HD,Metal,58,18.85,4.789,0.1453,2.3323,36.8
Open-Panel Metal Delta,Bioplastic,59,21.55,3.2192,0.8834,0.7604,44.35
Steady-Band Metal V3,Glass,72,18.0,4.6118,0.295,1.2736,11.66
Poly-Bag Paper S,Composite,45,10.83,6.8534,0.259,1.2765,37.36
Porous-Board Composite Nano,Bioplastic,68,16.62,3.7287,0.8399,0.4922,52.75
Sealed-Liner Composite Elite,Paper,55,5.79,1.5837,0.8151,0.3818,71.31
Matte-Strip Bioplastic XL,Glass,80,47.63,5.0828,0.2562,1.2684,91.58
Dark-Wrap Composite Elite,Glass,82,12.87,5.2112,0.2172,0.6562,14.77
Sealed-Liner Metal Prime,Paper,63,14.16,1.8132,0.9347,0.3549,21.41
Uni-Pouch Composite M,Glass,29,16.57,3.6855,0.1828,0.7671,22.79
Tri-Liner Bioplastic Sigma,Glass,58,28.92,3.796,0.1877,1.0315,56.46
Macro-Lid Composite V3,Paper,53,28.06,1.8595,0.8879,0.5027,75.44
Mega-Panel Glass Eco,Bioplastic,60,47.88,3.1752,0.9545,1.0177,28.26
Heavy-Shell Composite V2,Metal,61,23.68,5.4441,0.0666,2.1533,69.85
Porous-Base Glass Pro,Glass,52,30.38,4.4919,0.1281,1.2976,46.32
Micro-Net Composite Plus,Bioplastic,82,40.01,4.5467,0.8121,1.036,41.75
Hyper-Pad Paper Gamma,Bioplastic,92,22.14,3.1635,0.9008,0.7807,77.16
Ultra-Tube Composite M,Paper,82,14.49,2.1736,0.7634,0.3476,17.83
Sealed-Cord Glass Ultra,Bioplastic,91,39.14,4.1329,0.9597,0.9699,17.46
Active-Panel Glass Eco,Paper,79,30.7,2.4761,0.9004,0.7171,46.63
Smooth-Net Bioplastic Prime,Bioplastic,55,23.55,4.1209,0.9989,0.5364,38.09
Prime-Tube Composite Gamma,Metal,43,32.57,4.6183,0.1055,2.2646,79.72
Mono-Guard Composite Elite,Composite,75,44.53,6.0665,0.2588,1.9137,43.15
Rigid-Seal Paper Alpha,Bioplastic,21,11.65,2.5258,0.8518,0.4457,67.34
Uni-Fiber Glass Beta,Bioplastic,61,26.85,3.7742,0.8401,0.8371,88.66
Hyper-Cap Glass Beta,Bioplastic,93,8.05,4.6505,0.8412,0.3931,12.23
Matte-Box Glass Eco,Paper,97,47.25,2.3117,0.7755,0.7571,15.89
Uni-Pouch Glass Nano,Glass,60,46.46,4.048,0.1403,1.0752,94.24
Multi-Cover Composite Sigma,Paper,49,46.85,1.4495,0.8211,0.6897,86.4
Prime-Lid Bioplastic Nano,Metal,76,6.59,7.6199,0.0051,2.2672,82.61
Thick-Core Paper Sigma,Paper,46,19.33,1.5157,0.8298,0.435,42.34
Smooth-Tray Composite Lite,Glass,35,5.1,2.4852,0.2827,1.1106,20.34
Matte-Tube Paper S,Metal,46,6.46,5.2531,0.121,2.0891,36.93
Pure-Coat Bioplastic Elite,Glass,44,10.91,2.4797,0.2014,0.9715,53.24
Porous-Board Metal XL,Glass,78,1.3,3.7961,0.184,1.2623,18.51
Macro-Net Paper Eco,Composite,66,47.31,7.8008,0.2868,2.2105,35.56
Open-Box Metal Beta,Metal,30,32.7,6.1692,0.1752,1.2508,91.96
Micro-Panel Metal Pro,Composite,61,2.75,7.7486,0.2355,0.7586,54.08
Ultra-Frame Bioplastic HD,Composite,37,34.91,6.8941,0.2122,2.032,83.64
Gloss-Block Paper L,Glass,57,18.9,3.4527,0.1315,0.8069,89.58
Rapid-Plate Glass Gamma,Composite,39,37.23,7.1454,0.2363,2.1472,19.3
Macro-Net Bioplastic Plus,Paper,40,1.98,1.2622,0.8307,0.3118,81.52
Dark-Shield Paper X,Composite,99,16.39,8.2264,0.2663,1.9505,12.91
Bio-Coat Composite Beta,Composite,38,45.72,3.7646,0.2754,1.8954,54.64
Clear-Frame Composite Max,Glass,40,5.46,2.9671,0.1445,0.8705,15.64
Dense-Shield Composite Lite,Bioplastic,80,23.49,3.6819,0.9796,0.6511,82.84
Passive-Cover Metal V2,Paper,20,15.92,1.0082,0.9306,0.3777,65.79
Lite-Pad Glass X,Glass,66,47.87,4.1906,0.1193,1.3529,80.64
Dual-Guard Glass Lite,Bioplastic,93,10.22,3.5542,0.826,0.7191,29.17
Eco-Strip Paper Prime,Paper,30,37.29,1.3445,0.8065,0.7374,31.23
Matte-Core Composite V3,Metal,52,9.64,6.0286,0.0657,2.4573,66.81
Prime-Tube Bioplastic V2,Paper,86,26.09,2.6132,0.8033,0.7108,37.88
Green-Shell Metal Gamma,Metal,67,33.23,6.0206,0.1869,1.2836,87.01
Hard-Sleeve Glass HD,Paper,69,31.78,2.1668,0.9459,0.5021,63.94
Smooth-Disc Bioplastic Beta,Bioplastic,50,8.51,2.8986,0.9144,0.5186,39.23
Pure-Tube Glass Pro,Metal,100,43.54,8.1875,0.0811,2.8244,48.52
Open-Base Paper M,Composite,53,27.52,4.3784,0.2559,1.9174,88.53
Hard-Liner Bioplastic Ultra,Paper,63,49.84,1.7125,0.8182,0.94,75.62
Smart-Cord Glass S,Metal,78,33.33,6.5818,0.0685,2.0119,15.37
Hard-Lid Metal X,Glass,66,21.61,2.7759,0.2087,0.7718,92.88
Passive-Core Bioplastic HD,Paper,34,6.45,1.422,0.7753,0.3488,48.47
Mega-Mesh Paper Pro,Paper,90,49.22,2.1956,0.9234,0.8236,43.79
Smooth-Base Metal Alpha,Bioplastic,85,10.15,4.6232,0.8444,0.3482,72.34
Rapid-Coat Glass S,Bioplastic,65,26.52,4.1043,0.9126,0.7174,13.99
Steady-Disc Paper Plus,Bioplastic,88,18.45,3.4762,0.9894,0.6368,41.83
Steady-Guard Bioplastic XL,Metal,32,34.18,5.5344,0.1718,1.5812,89.11
Matte-Cord Composite XL,Composite,39,27.27,7.7826,0.2848,1.2353,14.16
Prime-Mesh Paper Delta,Paper,71,15.18,2.2655,0.9444,0.5999,49.78
Porous-Cover Metal Eco,Metal,37,36.22,4.345,0.015,2.3247,66.79
Dark-Layer Bioplastic Elite,Paper,46,46.19,1.6072,0.9419,0.6597,44.88
Poly-Sleeve Glass M,Composite,38,24.31,4.2651,0.3944,2.1348,93.16
Pro-Panel Paper S,Bioplastic,70,39.42,3.9392,0.8782,0.7115,80.92
Sealed-Fiber Paper Elite,Metal,29,11.7,6.6838,0.0281,1.6192,71.71
Rigid-Pad Metal Max,Composite,94,47.24,5.3481,0.2887,1.9991,74.65
Nano-Board Paper Nano,Glass,21,32.02,2.9654,0.2048,1.4175,60.87
Pro-Liner Paper Beta,Glass,49,33.19,3.0374,0.125,1.4062,48.62
Clear-Coat Bioplastic XL,Paper,29,44.07,1.3448,0.894,0.8833,90.71
Stable-Film Composite Pro,Metal,25,19.38,6.3808,0.0226,1.7936,59.72
Passive-Strip Metal Beta,Metal,82,38.04,4.9548,0.0206,2.7768,61.28
Open-Panel Paper M,Paper,96,43.32,2.4027,0.92,0.7616,69.64
Smart-Tube Bioplastic Prime,Paper,75,21.37,2.2009,0.923,0.4778,71.54
Poly-Strip Paper Alpha,Composite,55,45.28,6.7172,0.2658,1.9732,31.36
Dual-Tray Composite Ultra,Composite,65,4.61,4.545,0.3612,1.0574,52.07
Active-Ring Paper M,Bioplastic,95,21.97,3.6862,0.9995,0.7902,51.47
Thin-Film Bioplastic S,Paper,97,41.95,2.4967,0.8538,0.8771,42.52
Uni-Frame Composite X,Bioplastic,97,5.84,4.8596,0.9285,0.3378,18.07
Steady-Core Glass Plus,Metal,50,18.35,6.0395,0.1808,1.7162,43.47
Eco-Sleeve Paper Delta,Glass,25,17.69,3.6339,0.2704,1.1156,54.44
Rigid-Plate Composite X,Glass,71,40.75,4.2019,0.2555,1.4228,12.18
Thin-Guard Composite Lite,Bioplastic,92,9.45,4.3484,0.8658,0.4514,45.03
Rough-Lid Composite Max,Paper,23,36.59,1.2772,0.8007,0.7914,39.24
Bright-Seal Composite V2,Paper,51,14.19,1.801,0.8149,0.5316,63.96
Dual-Strip Composite Max,Glass,40,10.86,3.8958,0.2095,0.8461,44.11
Mega-Band Metal S,Glass,64,39.16,3.0585,0.2,0.9427,39.9
Clear-Fiber Glass Lite,Bioplastic,88,37.12,4.6757,0.8455,0.9427,18.61
Thick-Block Composite S,Bioplastic,31,32.15,2.4996,0.8994,0.636,42.53
Stable-Ring Paper Eco,Metal,53,42.87,5.3789,0.0674,1.9854,40.72
Uni-Tray Composite Plus,Glass,40,47.99,2.9101,0.1223,1.4254,87.25
Rigid-Cover Composite Prime,Paper,91,15.16,2.478,0.7856,0.5171,16.45
Micro-Bag Composite HD,Metal,31,4.98,5.3722,0.1754,1.5568,32.39
Green-Liner Bioplastic M,Bioplastic,63,26.87,3.3056,0.9843,0.5502,91.27
Dual-Frame Metal Lite,Bioplastic,57,30.86,4.3221,0.8648,0.6385,80.22
Mini-Panel Metal Eco,Metal,51,27.63,6.04,0.0548,1.918,80.83
Hard-Wrap Paper L,Composite,48,12.64,4.7537,0.3296,1.1056,11.06
Hard-Seal Bioplastic Elite,Glass,51,48.25,4.3066,0.1967,1.3137,57.29
Clear-Weave Bioplastic Delta,Metal,92,10.02,5.0063,0.1037,1.5996,58.91
Bio-Ring Paper XL,Paper,69,37.47,2.1187,0.9464,0.7957,32.4
Heavy-Tray Bioplastic HD,Metal,67,18.54,7.3532,0.0469,1.896,16.55
Dual-Fiber Paper HD,Composite,37,16.42,7.1808,0.3405,1.8389,59.21
Bright-Sheet Metal HD,Glass,32,49.06,3.7653,0.2015,1.3512,36.65
Rapid-Coat Paper Pro,Bioplastic,97,11.78,3.8897,0.9404,0.7484,79.79
Max-Ring Composite V3,Bioplastic,48,23.53,3.357,0.8106,0.7228,52.26
Stable-Coat Glass Lite,Bioplastic,75,3.7,4.7317,0.8044,0.4564,65.27
Soft-Core Glass Eco,Bioplastic,64,24.09,3.9385,0.8128,0.6227,91.15
Porous-Sleeve Composite Elite,Metal,55,28.7,7.1973,0.1456,2.2574,51.72
Soft-Panel Bioplastic L,Composite,37,49.32,4.4869,0.2904,1.8593,67.35
Thick-Lid Composite XL,Composite,62,12.01,7.553,0.3016,1.3287,75.14
Heavy-Frame Metal Prime,Bioplastic,95,16.07,3.1734,0.9219,0.6855,40.46
Matte-Cover Paper Sigma,Paper,35,38.84,1.0891,0.7627,0.6925,23.7
Poly-Bag Metal Lite,Bioplastic,44,12.82,3.331,0.9518,0.4399,25.41
Pure-Frame Bioplastic Delta,Metal,83,36.57,5.3874,0.0188,1.871,69.58
Bio-Shield Metal Elite,Composite,69,40.34,5.8577,0.2949,2.1401,25.55
Micro-Plate Paper XL,Glass,59,18.08,4.136,0.2758,1.0605,25.69
Eco-Net Bioplastic Sigma,Bioplastic,71,10.43,3.3754,0.9294,0.3769,48.4
Hard-Net Paper HD,Bioplastic,32,26.43,1.9404,0.9212,0.8971,15.03
Stable-Disc Glass Sigma,Paper,67,5.23,1.691,0.947,0.2361,37.78
Open-Film Paper X,Paper,59,1.87,2.0278,0.8627,0.4565,91.24
Soft-Coat Paper Gamma,Composite,44,32.01,5.8721,0.307,2.211,18.24
Green-Cover Paper L,Metal,39,30.19,5.4398,0.1783,2.2615,84.77
Bright-Tray Metal V2,Bioplastic,42,25.61,3.7124,0.889,0.7449,89.5
Multi-Band Composite Lite,Glass,35,40.46,2.7857,0.1583,1.1638,25.34
Open-Board Composite Max,Glass,86,8.79,3.3394,0.1386,0.6921,62.12
Passive-Lid Metal L,Bioplastic,63,46.92,4.3586,0.9096,0.8647,48.07
Poly-Fiber Metal L,Composite,34,33.6,3.768,0.2492,1.2257,91.63
Steady-Board Metal V3,Composite,82,9.82,6.2189,0.2717,1.9181,88.3
Flex-Coat Composite Pro,Paper,95,5.39,2.5359,0.8827,0.3301,54.82
Passive-Strip Composite Eco,Metal,93,35.26,6.3184,0.1514,2.2174,34.02
Hyper-Coat Glass Plus,Bioplastic,37,22.67,2.3921,0.9888,0.6372,46.99
Smart-Frame Composite L,Bioplastic,30,24.78,2.8327,0.8643,0.6814,43.05
Nano-Base Glass Max,Paper,83,49.62,2.4339,0.9042,0.8859,54.84
Uni-Net Bioplastic Beta,Bioplastic,25,9.81,1.9366,0.9784,0.6372,58.56
Thin-Guard Bioplastic Delta,Metal,42,32.23,6.1361,0.1069,1.2931,35.75
Bright-Guard Paper V3,Glass,44,17.91,3.4631,0.2647,1.2064,46.87
Prime-Weave Glass Pro,Glass,85,26.44,3.4922,0.1742,1.3037,87.41
Dense-Wrap Metal HD,Metal,32,23.13,3.805,0.0443,1.6118,70.69
Bright-Bag Paper Ultra,Glass,83,10.73,4.4689,0.1031,1.325,27.51
Tri-Cover Paper V3,Composite,34,46.25,3.5009,0.2481,2.1589,80.66
Super-Band Bioplastic Eco,Bioplastic,42,49.36,3.7366,0.8744,1.0687,13.8
Stable-Layer Bioplastic Gamma,Metal,38,30.14,5.6038,0.0516,2.5847,67.83
Nano-Panel Paper Alpha,Composite,100,15.83,8.9372,0.3307,1.9748,44.78
Bio-Lid Metal Lite,Paper,21,21.09,0.9975,0.8056,0.6612,79.42
Uni-Bag Bioplastic Plus,Composite,82,13.04,4.4859,0.3385,0.9006,75.21
Poly-Cover Metal Gamma,Paper,36,33.32,1.1926,0.8775,0.5478,86.69
Pro-Liner Composite M,Paper,82,3.79,2.2853,0.7835,0.4399,91.2
Uni-Foam Composite Nano,Composite,70,14.6,5.4603,0.3711,1.1798,74.68
Dual-Block Metal L,Paper,70,41.23,2.2362,0.94,0.7587,52.33
Dual-Wrap Composite Sigma,Composite,36,26.15,3.6771,0.2958,1.1152,13.23
Mega-Tube Metal Pro,Bioplastic,69,9.63,4.1498,0.9613,0.433,62.3
Thin-Guard Paper Alpha,Bioplastic,76,37.05,3.6552,0.9538,0.8757,52.81
Dense-Strip Glass Ultra,Paper,44,38.54,1.6287,0.7588,0.5697,22.98
Nano-Tray Bioplastic L,Bioplastic,52,46.13,2.9932,0.8401,0.959,43.26
Pro-Shield Metal Beta,Composite,39,47.37,5.8046,0.245,1.9464,38.55
Gloss-Pad Composite Plus,Metal,76,1.75,5.666,0.1687,1.82,34.46
Flex-Tray Bioplastic Plus,Metal,40,7.6,6.9621,0.0113,2.0031,44.84
Prime-Base Metal V3,Metal,88,1.36,6.9839,0.1448,1.3961,13.27
Pure-Wrap Bioplastic Plus,Composite,33,34.37,3.486,0.2007,1.1338,42.94
Open-Net Composite X,Paper,92,6.42,2.3135,0.8757,0.4133,16.28
Poly-Band Paper S,Composite,80,46.89,7.2371,0.2565,1.9282,48.22
Ultra-Shield Glass Plus,Paper,50,34.3,1.6869,0.819,0.8194,48.67
Stable-Seal Bioplastic M,Paper,39,22.98,1.6137,0.7948,0.4959,72.13
Poly-Film Composite Alpha,Bioplastic,69,49.96,4.3862,0.8736,0.748,78.46
Bright-Guard Metal Delta,Glass,38,2.61,3.0628,0.276,1.1874,93.94
Matte-Lid Metal Lite,Glass,36,42.09,2.8965,0.2884,1.2378,45.51
Bio-Strip Glass M,Bioplastic,77,22.47,3.5691,0.8727,0.5951,43.91
Lite-Cap Metal Eco,Paper,87,10.69,2.2093,0.7882,0.3453,84.26
Rigid-Fiber Metal Plus,Paper,99,18.49,2.5849,0.9225,0.6025,41.86
Macro-Box Metal Nano,Bioplastic,59,11.07,2.7198,0.8217,0.6116,35.53
Ultra-Cap Composite Alpha,Metal,99,20.9,5.1977,0.0675,2.4439,66.07
Clear-Seal Bioplastic HD,Metal,86,21.87,7.8013,0.0048,1.4284,58.23
Matte-Board Bioplastic XL,Composite,42,14.03,6.9223,0.3127,1.0473,44.16
Rapid-Core Bioplastic Beta,Bioplastic,45,7.96,2.7867,0.8491,0.615,74.82
Clear-Box Bioplastic L,Bioplastic,82,16.15,4.7474,0.9225,0.6956,84.45
Hyper-Plate Glass Sigma,Composite,32,39.45,3.8173,0.2017,2.1492,14.48
Pro-Base Paper S,Metal,31,16.01,6.5419,0.0406,1.286,28.11
Poly-Strip Metal Alpha,Metal,28,18.47,6.5106,0.1167,2.3271,50.38
Rapid-Panel Paper V3,Glass,42,14.84,2.4633,0.2124,1.3491,22.92
Eco-Fiber Bioplastic Lite,Glass,73,6.36,4.8625,0.1819,0.9929,63.44
Multi-Guard Glass V3,Glass,55,34.65,4.488,0.2952,1.3576,22.46
Passive-Tube Metal Beta,Paper,76,5.3,1.8917,0.926,0.3748,50.53
Sealed-Cap Glass Alpha,Composite,22,29.52,7.5862,0.2725,1.5443,58.61
Porous-Foam Composite Pro,Metal,77,44.75,7.7256,0.1893,2.1977,85.28
Hard-Base Metal Ultra,Paper,30,44.38,0.9879,0.777,0.7138,43.46
Hyper-Board Paper Prime,Bioplastic,39,5.99,3.8914,0.9921,0.3788,63.91
Active-Panel Paper Plus,Composite,57,35.71,8.1146,0.2166,1.8005,77.94
Rough-Frame Glass Lite,Paper,22,31.28,1.1147,0.9483,0.6024,31.48
Rough-Mesh Bioplastic Plus,Paper,85,14.37,2.3362,0.9332,0.4706,86.99
Multi-Ring Metal V2,Bioplastic,26,32.65,3.167,0.8526,0.965,38.69
Super-Wrap Glass Beta,Paper,54,37.62,1.8479,0.8416,0.5803,56.86
Mega-Fiber Glass Ultra,Paper,36,43.67,1.5796,0.7521,0.7888,35.73
Micro-Box Composite XL,Glass,45,45.27,3.136,0.1072,1.4702,69.23
Soft-Seal Glass Prime,Bioplastic,62,18.66,3.5149,0.9987,0.5964,70.12
Dark-Sleeve Paper M,Bioplastic,36,47.17,3.4039,0.9105,0.9072,32.67
Tri-Disc Bioplastic XL,Bioplastic,77,45.98,2.9679,0.9332,0.8272,53.25
Green-Slab Bioplastic Prime,Composite,34,1.64,4.0455,0.3524,1.028,25.05
Open-Foam Paper Nano,Bioplastic,28,8.12,3.4069,0.9558,0.6667,10.82
Multi-Box Metal Eco,Metal,21,36.96,4.1834,0.1818,1.3752,59.53
Bright-Base Composite L,Composite,78,31.73,5.816,0.333,1.7724,14.77
Steady-Block Metal Nano,Composite,37,10.38,6.8227,0.2162,0.9338,90.87
Thin-Wrap Paper HD,Metal,20,21.93,5.4896,0.042,2.1948,42.89
Rapid-Film Composite Elite,Bioplastic,100,26.7,4.2026,0.8395,0.9022,61.46
Rough-Board Glass L,Metal,43,23.73,6.1265,0.1184,2.4286,47.61
Tri-Pad Glass Plus,Paper,84,0.81,2.1267,0.7895,0.2313,56.07
Prime-Base Composite Beta,Glass,44,35.15,3.8263,0.1152,0.9811,37.32
Multi-Tray Composite HD,Glass,49,8.54,3.7777,0.2185,1.0466,53.07
Thin-Sheet Metal Lite,Paper,56,11.3,1.608,0.819,0.3652,10.59
Core-Cord Paper Prime,Glass,52,14.43,2.7948,0.1123,1.0194,86.73
Stable-Bag Paper M,Paper,27,31.18,1.3397,0.766,0.7211,70.87
Dark-Box Glass Prime,Paper,21,48.87,1.141,0.8137,0.9001,87.73
Dense-Cap Metal Gamma,Glass,97,34.07,3.4849,0.1525,1.4925,48.32
Green-Wrap Paper V3,Paper,81,18.84,2.1351,0.8478,0.5322,73.32
Clear-Pad Bioplastic Max,Glass,49,29.57,2.4739,0.1706,1.1477,49.24
Nano-Panel Glass Lite,Bioplastic,71,23.45,4.4602,0.8904,0.5313,73.8
Clear-Bag Paper Max,Glass,73,47.51,4.7814,0.2577,1.2603,83.97
Matte-Block Bioplastic S,Glass,39,20.27,2.2107,0.2583,1.2121,24.69
Thick-Band Metal HD,Bioplastic,95,47.33,3.5896,0.8033,0.9022,33.03
Tri-Liner Glass X,Composite,45,1.57,5.4258,0.2607,1.8819,56.69
Poly-Weave Glass Eco,Glass,49,9.9,3.715,0.1998,0.9271,82.39
Mega-Ring Metal Max,Paper,82,48.47,2.0229,0.9423,0.6848,37.48
Poly-Cap Metal V2,Metal,81,30.59,4.6147,0.1038,1.9472,28.39
Bright-Pad Bioplastic V3,Bioplastic,82,1.14,3.5099,0.8317,0.5036,68.14
Bright-Weave Composite V2,Glass,74,30.78,4.1981,0.2059,1.0607,41.74
Porous-Disc Paper Lite,Bioplastic,36,18.79,3.9015,0.8126,0.6067,45.45
Dual-Disc Paper Lite,Bioplastic,46,47.26,3.5428,0.982,1.0736,63.88
Rough-Lid Paper Eco,Paper,80,39.45,2.2552,0.8654,0.6738,26.52
Pro-Layer Composite S,Paper,36,48.29,1.4999,0.8645,0.9363,70.19
Super-Block Metal M,Glass,98,12.23,5.1632,0.1977,0.9781,11.65
Pro-Bag Bioplastic S,Glass,85,44.1,3.9451,0.1297,1.1783,54.99
Sealed-Cover Paper Delta,Bioplastic,79,30.33,4.604,0.9917,0.6497,48.21
Rough-Bag Glass Plus,Bioplastic,44,39.67,2.6869,0.8286,0.9758,15.02
Multi-Seal Metal Pro,Bioplastic,51,11.55,2.286,0.8712,0.6038,57.76
Mini-Net Glass Eco,Paper,54,47.86,1.6966,0.8128,0.9236,27.0
Clear-Strip Metal Prime,Bioplastic,44,47.91,3.3232,0.8241,1.0125,72.52
Porous-Guard Composite L,Composite,44,26.41,5.8982,0.2496,1.4353,69.55
Flex-Net Glass M,Glass,21,15.26,2.2693,0.1592,0.6557,64.74
Hyper-Frame Composite Delta,Glass,73,4.4,3.8829,0.282,0.6421,63.2
Hard-Sleeve Paper XL,Metal,91,8.27,5.9799,0.0628,2.3881,48.76
Micro-Weave Metal S,Composite,45,35.46,5.6947,0.2326,1.2288,91.27
Rough-Seal Composite Sigma,Bioplastic,35,3.09,2.6065,0.8954,0.3276,80.7
Tri-Ring Metal Gamma,Paper,68,27.73,2.0559,0.8793,0.576,37.76
Ultra-Bag Composite S,Metal,24,32.36,4.1775,0.1513,1.2827,53.5
Sealed-Sheet Composite S,Paper,36,25.09,1.5798,0.778,0.4616,23.89
Matte-Sleeve Bioplastic V2,Paper,50,5.05,1.5482,0.8214,0.2548,39.2
Mono-Mesh Composite Ultra,Bioplastic,28,24.88,2.8993,0.9049,0.7455,43.66
Dual-Lid Bioplastic Beta,Bioplastic,39,27.63,2.2172,0.8415,0.5799,74.83
Uni-Cord Glass V3,Bioplastic,53,11.76,2.4319,0.9367,0.3673,64.65
Thin-Sleeve Paper Beta,Composite,48,24.2,3.9456,0.3517,2.102,91.13
Prime-Net Glass HD,Composite,37,25.28,4.961,0.3512,1.7771,11.64
Porous-Tray Composite V3,Composite,57,24.87,6.8864,0.3394,1.6287,13.41
Mono-Panel Bioplastic Delta,Metal,95,2.28,5.2336,0.0983,1.4469,16.85
Dual-Tube Glass Pro,Paper,67,25.7,2.146,0.8294,0.4827,10.62
Hard-Film Bioplastic Gamma,Bioplastic,100,37.34,3.8172,0.9113,0.8178,23.59
Hard-Slab Paper V2,Bioplastic,45,37.83,2.6674,0.8392,0.9775,43.37
Nano-Frame Metal Pro,Bioplastic,56,22.86,3.2622,0.9935,0.7373,75.45
Thin-Tray Paper X,Composite,46,9.65,3.9033,0.3609,1.7079,84.31
Mini-Box Bioplastic Sigma,Composite,45,38.11,6.9371,0.2597,1.9288,28.22
Gloss-Pouch Composite Prime,Composite,95,40.98,6.2881,0.2109,1.8811,58.18
Micro-Base Metal M,Bioplastic,52,11.23,2.3471,0.8025,0.6841,83.13
Passive-Block Paper Nano,Glass,46,25.23,3.9039,0.244,1.0986,43.21
Ultra-Shell Glass Plus,Paper,41,46.08,1.4341,0.8693,0.8793,66.7
Pro-Strip Glass S,Composite,51,4.34,4.292,0.2001,0.8008,14.25
Smart-Box Glass Pro,Paper,21,47.37,1.2816,0.8107,0.7681,58.29
Macro-Sheet Metal X,Bioplastic,40,5.31,2.7887,0.9292,0.6815,73.06
Active-Liner Metal Prime,Composite,67,4.27,5.9769,0.2045,1.6872,86.37
Micro-Guard Bioplastic V2,Metal,58,7.52,5.3692,0.1864,2.4501,87.74
Hard-Base Paper V2,Composite,35,46.01,6.7747,0.3364,1.2165,89.14
Matte-Core Composite Lite,Paper,80,9.14,2.0119,0.895,0.408,85.35
Gloss-Net Bioplastic L,Metal,91,14.02,4.3569,0.1126,1.1351,68.8
Matte-Disc Metal L,Bioplastic,47,3.73,3.5425,0.806,0.4763,80.59
Heavy-Wrap Glass XL,Bioplastic,72,9.16,2.7263,0.9795,0.5942,91.55
Matte-Wrap Glass Elite,Paper,55,35.64,1.8454,0.7905,0.6166,67.06
Poly-Film Metal Pro,Bioplastic,44,12.12,3.027,0.8004,0.6213,84.25
Heavy-Net Composite Prime,Composite,75,28.17,7.393,0.3584,1.8604,73.11
Sealed-Ring Composite L,Metal,56,18.52,5.8725,0.0913,1.7939,23.93
Nano-Coat Bioplastic V3,Bioplastic,67,36.45,3.6707,0.8641,0.8602,44.6
Poly-Liner Bioplastic Eco,Bioplastic,94,20.39,4.0656,0.8695,0.5609,79.21
Pure-Shell Composite Alpha,Paper,83,33.95,2.2343,0.9423,0.5454,31.52
Ultra-Pouch Glass V3,Glass,37,16.97,2.9291,0.1933,1.2527,83.25
Dual-Mesh Bioplastic Max,Metal,41,44.54,4.5923,0.1837,2.8195,22.33
Clear-Cord Metal Elite,Glass,63,27.24,4.4904,0.1319,1.3914,21.86
Pure-Weave Paper V3,Bioplastic,46,41.32,2.9648,0.9647,1.0055,94.19
Mono-Sheet Composite X,Metal,89,2.58,4.6297,0.0008,2.3276,66.49
Dark-Sheet Bioplastic Plus,Bioplastic,41,37.12,3.4343,0.9575,0.8069,37.67
Matte-Pad Glass Eco,Glass,67,27.65,3.6089,0.2314,1.0707,59.05
Mono-Disc Paper Eco,Composite,72,34.55,8.587,0.2452,1.8382,23.23
Core-Layer Metal HD,Glass,44,35.95,4.245,0.2939,1.4794,52.09
Gloss-Coat Paper Nano,Composite,29,34.9,4.7288,0.3512,1.4324,27.79
Rigid-Mesh Metal Gamma,Metal,32,47.6,3.8254,0.0032,1.8197,27.6
Micro-Film Paper S,Composite,29,3.82,5.3714,0.2238,1.892,66.23
Lite-Shell Paper V3,Bioplastic,21,35.04,2.2744,0.8775,0.6738,46.42
Pro-Tube Glass Sigma,Glass,95,46.02,4.6975,0.2187,1.4835,93.05
Dense-Guard Metal Max,Metal,83,16.32,4.2295,0.1401,2.355,42.62
Open-Film Metal Beta,Bioplastic,88,38.6,3.8569,0.9174,0.9783,90.68
Pure-Pouch Bioplastic M,Bioplastic,82,49.73,3.6523,0.9926,1.0409,17.38
Eco-Liner Composite Gamma,Metal,52,27.41,3.8094,0.1449,2.2475,88.4
Flex-Fiber Bioplastic Plus,Bioplastic,78,19.3,3.488,0.9207,0.6207,37.44
Flex-Cover Glass S,Glass,90,38.97,5.0802,0.1433,1.1982,10.87
Active-Wrap Bioplastic Nano,Composite,36,29.87,6.4911,0.2056,1.6263,15.87
Smart-Board Composite Pro,Glass,43,23.43,3.7937,0.1776,1.4543,65.56
Bright-Weave Composite Eco,Metal,26,13.03,3.423,0.1033,1.2912,48.4
Open-Liner Composite Ultra,Paper,40,2.47,1.4806,0.8353,0.4107,92.33
Super-Strip Bioplastic L,Bioplastic,29,10.36,2.8028,0.8011,0.6539,78.58
Mega-Bag Metal Eco,Glass,42,38.74,2.3365,0.1365,1.1395,68.06
Rigid-Cord Glass Sigma,Glass,83,11.82,4.0383,0.2402,1.3275,18.63
Clear-Wrap Bioplastic Ultra,Glass,37,7.03,4.2934,0.221,0.5692,52.17
Thin-Pad Composite Beta,Glass,75,1.52,4.0554,0.2388,1.0031,19.04
Heavy-Guard Metal Pro,Composite,80,2.16,6.3197,0.3404,0.8219,17.42
Tri-Disc Paper Ultra,Bioplastic,65,23.99,3.5641,0.8486,0.851,21.69
Mega-Bag Composite S,Paper,23,8.52,1.1237,0.8829,0.399,94.7
Open-Shield Glass Plus,Bioplastic,67,28.09,3.5462,0.9942,0.7834,59.48
Stable-Band Composite XL,Bioplastic,34,28.2,2.3999,0.8295,0.5753,69.63
Nano-Shield Metal V2,Metal,21,18.91,4.8343,0.0024,1.8759,32.6
Lite-Layer Bioplastic Ultra,Glass,87,0.94,5.0768,0.1274,1.226,83.15
Nano-Coat Metal V2,Glass,47,9.84,3.3845,0.1957,0.6576,42.97
Dark-Seal Glass Lite,Composite,100,27.3,8.337,0.2292,1.1453,53.34
Steady-Shield Bioplastic Lite,Paper,28,24.15,1.4544,0.7645,0.4709,63.29
Prime-Seal Composite Nano,Paper,72,42.07,1.9889,0.7951,0.6794,15.07
Eco-Tray Composite Nano,Metal,75,2.62,5.1839,0.0789,1.2151,71.75
Mono-Guard Paper V2,Metal,67,19.84,6.1248,0.1734,2.2213,20.82
Active-Tube Metal XL,Metal,98,47.49,6.3718,0.0813,2.6827,64.0
Poly-Fiber Metal Plus,Glass,50,30.15,3.0328,0.2546,1.1277,12.63
Ultra-Shell Composite Eco,Glass,28,28.3,3.5098,0.2554,1.3813,13.4
Steady-Cord Metal Pro,Composite,55,19.97,5.9438,0.3614,2.0202,35.8
Thick-Plate Glass HD,Paper,88,30.46,2.6156,0.9211,0.6256,51.46
Eco-Tray Glass Lite,Paper,95,34.91,2.7579,0.871,0.7274,58.79
Hyper-Plate Glass L,Metal,80,17.19,6.712,0.195,1.871,62.39
Core-Lid Bioplastic L,Bioplastic,28,12.95,2.3511,0.8543,0.4851,53.65
Bright-Tray Composite HD,Paper,60,46.38,1.7283,0.7979,0.7012,92.65
Mono-Ring Composite Elite,Composite,44,41.37,5.9578,0.2823,1.4504,46.03
Hard-Coat Metal Plus,Glass,44,38.53,4.2392,0.1279,1.4812,35.08
Pure-Cap Glass V3,Paper,66,35.77,1.9741,0.7909,0.6765,54.21
Bright-Core Bioplastic Pro,Composite,35,36.37,7.355,0.3277,1.3306,77.15
Macro-Plate Composite Nano,Glass,63,9.56,4.0845,0.1994,0.7721,51.17
Green-Tray Bioplastic Prime,Bioplastic,54,46.66,3.249,0.8683,0.8085,16.12
Eco-Slab Composite V3,Metal,35,48.34,6.2805,0.1968,1.3883,26.06
Mega-Cap Bioplastic Alpha,Metal,52,46.43,5.2408,0.1982,2.2397,33.55
Smooth-Coat Bioplastic Sigma,Metal,92,21.31,5.3129,0.1963,2.0553,51.61
Rough-Barrier Metal Lite,Paper,33,24.08,1.2228,0.7739,0.4751,40.71
Heavy-Box Composite Beta,Composite,26,2.53,3.6292,0.2215,1.3876,20.83
Macro-Cover Metal V3,Metal,32,46.32,5.7339,0.041,2.7002,58.16
Bio-Band Metal XL,Glass,21,6.02,3.969,0.2439,0.7676,30.46
Tri-Tube Glass Plus,Composite,48,31.11,6.2707,0.2533,1.6942,81.47
Nano-Slab Metal Plus,Composite,39,1.64,6.1501,0.3525,0.9426,92.14
Ultra-Pouch Metal V3,Paper,69,10.56,2.069,0.9409,0.313,72.94
Flex-Base Composite Max,Paper,54,40.57,1.4985,0.7992,0.7076,30.57
Bio-Fiber Paper Elite,Bioplastic,98,8.7,3.5636,0.8441,0.37,30.3
Multi-Box Glass Eco,Bioplastic,59,22.04,4.1446,0.9699,0.6389,29.74
Porous-Sleeve Bioplastic V2,Paper,30,20.72,1.1943,0.7801,0.6536,82.3
Active-Liner Metal Gamma,Paper,68,1.64,2.1308,0.791,0.3984,47.12
Core-Strip Glass Plus,Composite,87,17.44,4.6311,0.3015,1.3599,47.59
Thin-Cover Metal L,Composite,46,18.96,6.8152,0.3202,1.7483,42.1
Thick-Board Glass S,Paper,71,10.75,1.9428,0.831,0.3621,34.71
Pure-Layer Glass Pro,Composite,49,19.28,7.642,0.3921,1.7366,57.88
Smooth-Fiber Bioplastic Eco,Paper,28,22.89,1.3501,0.8278,0.5125,42.38
Uni-Weave Metal Pro,Composite,82,22.1,6.3994,0.2848,1.4658,39.6
Passive-Cap Composite Delta,Paper,54,18.65,1.9784,0.8457,0.4171,82.56
Tri-Shield Composite XL,Glass,86,30.16,4.9023,0.2692,1.5649,40.99
Super-Seal Bioplastic V2,Paper,49,4.95,1.8337,0.7685,0.4381,14.26
Ultra-Coat Bioplastic Lite,Glass,30,26.5,2.5613,0.1298,0.8583,47.05
Mega-Sleeve Paper Prime,Metal,43,11.84,4.5097,0.1041,1.3661,17.84
Gloss-Base Paper Ultra,Glass,26,28.84,3.6428,0.2744,1.4618,72.99
Nano-Shell Glass Nano,Metal,56,27.62,7.1968,0.179,1.5306,78.66
Heavy-Fiber Composite X,Bioplastic,45,30.33,2.3126,0.9546,0.6509,76.57
Multi-Band Glass Nano,Composite,88,6.64,6.5952,0.3522,1.6543,22.98
Prime-Shield Composite Alpha,Bioplastic,43,12.66,2.1373,0.9711,0.6731,53.63
Steady-Liner Composite L,Paper,22,25.3,1.2822,0.8288,0.4831,49.87
Stable-Slab Composite HD,Glass,36,12.48,3.4597,0.1734,1.2313,49.3
Smart-Foam Composite Beta,Metal,78,9.17,4.433,0.0496,1.9519,74.13
Steady-Plate Glass Nano,Metal,28,49.15,3.5332,0.0574,2.1848,51.65
Rapid-Guard Composite Lite,Glass,70,27.74,4.3977,0.2778,1.1307,65.03
Uni-Liner Glass HD,Paper,86,18.02,2.403,0.8937,0.585,73.89
Super-Wrap Metal Delta,Glass,87,46.88,3.5072,0.2716,1.0498,13.1
Core-Panel Bioplastic Elite,Bioplastic,29,30.19,2.5677,0.8597,0.7837,45.06
Pro-Disc Bioplastic Pro,Bioplastic,68,15.33,2.6673,0.8974,0.6934,28.32
Uni-Board Composite Beta,Paper,38,22.77,1.4347,0.9018,0.4497,77.47
Poly-Block Metal Sigma,Glass,70,12.6,2.836,0.1454,0.9572,51.38
Sealed-Board Composite Sigma,Bioplastic,79,35.79,3.5757,0.8409,0.6501,91.57
Porous-Base Glass Nano,Metal,51,47.41,6.9236,0.1845,1.8172,14.52
Flex-Sleeve Paper Alpha,Metal,79,45.51,7.4451,0.1744,1.4723,34.99
Bio-Box Composite XL,Composite,85,27.8,4.6783,0.3963,2.0146,15.76
Eco-Seal Glass HD,Glass,62,10.08,4.6684,0.1332,1.3745,22.4
Dense-Tray Paper Sigma,Paper,91,13.85,2.1836,0.7937,0.4748,12.05
Smart-Bag Metal S,Metal,71,17.04,6.2298,0.0694,1.5602,41.28
Active-Shell Paper M,Metal,86,29.49,7.5716,0.1517,1.845,53.69
Soft-Barrier Composite V3,Bioplastic,90,36.57,4.1814,0.8135,0.993,89.3
Nano-Coat Glass Nano,Metal,68,16.84,6.5599,0.1463,2.0212,22.24
Macro-Disc Paper Gamma,Glass,45,5.11,3.1446,0.1789,0.5646,35.75
Soft-Pad Glass Delta,Glass,37,10.13,3.3924,0.1835,1.242,22.89
Active-Barrier Metal Alpha,Composite,90,28.63,8.9579,0.2421,2.1955,23.89
Bright-Block Bioplastic Prime,Bioplastic,24,13.64,2.6957,0.8132,0.5637,93.4
Stable-Shield Paper Eco,Glass,83,6.15,4.5327,0.2623,0.8157,71.87
Active-Layer Glass Beta,Glass,67,42.6,4.8425,0.1516,1.3529,85.58
Thin-Strip Composite Max,Bioplastic,62,31.76,3.1465,0.8311,0.8304,70.91
Pro-Core Metal Alpha,Bioplastic,86,34.29,4.5763,0.9557,0.681,79.27
Mini-Foam Bioplastic Sigma,Bioplastic,75,24.43,3.4097,0.9018,0.6838,71.56
Rapid-Strip Glass Prime,Bioplastic,71,3.04,3.8516,0.9603,0.3735,80.05
Smooth-Core Glass Eco,Composite,91,11.57,8.0673,0.3761,1.1342,86.94
Pure-Plate Metal Lite,Metal,32,35.02,5.0375,0.0825,1.85,58.16
Eco-Tray Composite XL,Paper,58,4.52,1.5993,0.8462,0.5037,15.64
Stable-Barrier Bioplastic V3,Bioplastic,60,46.34,2.5727,0.8812,0.8763,45.21
Thin-Layer Bioplastic Pro,Glass,23,17.02,2.6748,0.1616,1.0394,94.81
Thick-Disc Glass Elite,Paper,70,29.63,1.9729,0.9199,0.5622,61.9
Sealed-Fiber Bioplastic L,Composite,41,17.14,6.2511,0.3187,1.9152,18.56
Matte-Panel Paper Max,Paper,30,39.91,0.9547,0.8581,0.7269,17.85
Thin-Fiber Composite Beta,Paper,39,49.6,1.1311,0.7855,0.716,93.61
Ultra-Base Glass V2,Metal,66,34.1,7.3046,0.14,2.2401,17.44
Lite-Cover Metal Ultra,Metal,41,44.7,4.541,0.0078,2.2213,94.0
Pro-Weave Glass HD,Bioplastic,98,0.51,5.0467,0.9579,0.6039,80.06
Super-Disc Composite X,Glass,82,5.82,4.3454,0.2231,0.9591,80.7
Bright-Liner Composite Ultra,Bioplastic,56,7.36,3.2954,0.9705,0.3766,75.97
Pure-Film Bioplastic L,Paper,85,5.26,2.3836,0.8878,0.2422,82.43
Rough-Foam Glass Lite,Bioplastic,40,34.9,3.6643,0.8718,0.7926,34.96
Smart-Panel Paper Delta,Paper,71,21.19,2.2818,0.9089,0.646,66.63
Porous-Guard Bioplastic Elite,Glass,46,12.41,2.6472,0.131,0.6677,59.95
Poly-Slab Composite S,Composite,35,7.81,7.8922,0.2252,1.6654,34.01
Green-Box Metal Delta,Paper,62,34.54,1.9086,0.8937,0.656,20.42
Flex-Foam Glass M,Composite,90,36.6,5.9312,0.3418,2.1607,65.78
Max-Slab Composite X,Metal,66,8.25,4.5072,0.0132,1.0296,82.51
Nano-Block Paper Delta,Bioplastic,52,19.78,3.9088,0.8927,0.8244,76.62
Bio-Tray Metal M,Bioplastic,61,22.76,4.0952,0.9491,0.7506,65.96
Rigid-Bag Metal Alpha,Composite,92,43.47,5.4494,0.3738,1.3517,31.3
Max-Bag Glass Nano,Metal,31,24.6,6.8752,0.0296,2.4723,30.4
Ultra-Frame Bioplastic Delta,Metal,97,25.02,5.4598,0.0405,1.421,13.27
Smart-Seal Bioplastic Lite,Metal,21,31.76,5.6088,0.16,1.7771,10.23
Open-Weave Composite X,Paper,81,38.69,2.5031,0.7903,0.6112,67.83
Steady-Fiber Paper Alpha,Metal,84,14.04,5.6342,0.1057,1.9261,88.76
Core-Layer Glass Eco,Composite,45,22.03,7.8792,0.3601,1.4862,71.12
Ultra-Base Composite Max,Composite,90,14.86,8.9859,0.2913,1.21,11.52
Rigid-Board Glass Sigma,Glass,95,31.54,5.042,0.1949,1.498,88.97
Tri-Net Bioplastic Ultra,Bioplastic,97,28.81,5.0277,0.967,0.6173,32.5
Heavy-Coat Glass Prime,Bioplastic,24,40.93,3.0635,0.9159,0.8072,10.36
Passive-Film Composite Plus,Glass,49,2.51,4.4744,0.1898,0.8227,46.55
Rough-Disc Glass L,Composite,29,40.22,4.584,0.3629,1.7781,45.42
Dense-Tube Bioplastic Alpha,Composite,84,43.49,7.7041,0.3534,2.1005,75.36
Smart-Sleeve Paper X,Composite,26,25.08,5.8728,0.3068,1.6336,76.27
Thin-Pad Bioplastic Eco,Bioplastic,50,46.32,3.0303,0.9451,0.7741,65.77
Clear-Sleeve Metal M,Metal,21,34.41,3.1768,0.1294,2.664,11.76
Stable-Seal Bioplastic Ultra,Bioplastic,36,46.59,3.4274,0.8338,0.8228,31.85
Rapid-Plate Glass V2,Glass,40,45.34,2.649,0.1328,1.0115,89.2
Porous-Band Glass Nano,Metal,59,49.9,6.2925,0.1278,1.5133,23.22
Bright-Block Composite V3,Paper,35,42.72,1.0518,0.7979,0.8408,77.53
Nano-Lid Bioplastic Sigma,Paper,54,48.27,1.4924,0.8403,0.6991,75.11
Multi-Sheet Paper Max,Composite,88,23.53,5.0972,0.3336,1.2893,17.08
Green-Mesh Metal Max,Metal,31,17.99,4.5633,0.0379,2.4973,71.65
Core-Seal Composite Lite,Bioplastic,99,40.32,4.8108,0.8173,0.6686,22.39
Heavy-Shell Paper Alpha,Glass,40,26.34,3.717,0.1388,1.5363,74.37
Prime-Panel Paper Max,Composite,64,1.97,7.8354,0.3585,1.2586,78.62
Mini-Slab Paper Ultra,Composite,71,11.01,5.0566,0.3275,1.7583,73.56
Thick-Slab Composite Max,Metal,28,48.82,5.8769,0.1669,2.7889,76.37
Clear-Sheet Paper Pro,Glass,91,38.66,4.072,0.2285,1.0259,13.57
Clear-Plate Glass Ultra,Paper,77,9.81,2.204,0.7534,0.4775,41.67
Smooth-Cap Glass L,Composite,63,21.07,7.7451,0.3939,1.9651,17.24
Stable-Sleeve Composite Sigma,Composite,32,29.94,5.9102,0.2233,1.1823,52.02
Thin-Weave Glass L,Metal,90,36.43,5.5617,0.125,1.313,80.99
Max-Sheet Composite Ultra,Composite,60,12.68,6.3632,0.2851,0.8935,19.06
Thin-Mesh Composite Plus,Metal,58,33.41,7.4539,0.1392,2.4576,94.94
Multi-Fiber Glass Eco,Glass,55,17.33,3.4065,0.1149,1.0781,16.38
Flex-Cap Metal Max,Paper,59,37.06,1.7538,0.7552,0.6361,25.71
Lite-Coat Glass Prime,Paper,31,43.54,1.4823,0.8706,0.8709,40.82
Rough-Bag Bioplastic Prime,Composite,32,48.74,6.8192,0.2637,1.3559,58.99
Bright-Tube Metal Beta,Composite,94,40.12,5.6987,0.2553,2.131,56.77
Pure-Seal Bioplastic HD,Metal,89,45.69,4.5367,0.1426,2.7597,83.98
Gloss-Cap Composite Lite,Glass,89,15.21,4.3952,0.1595,1.3484,73.95
Thin-Barrier Glass X,Metal,25,15.94,6.3302,0.0186,1.5593,72.99
Super-Mesh Bioplastic Beta,Bioplastic,37,3.9,3.879,0.9177,0.3217,50.54
Mini-Fiber Bioplastic Pro,Composite,80,40.57,6.1864,0.2214,1.3163,89.87
Smooth-Tray Composite Pro,Paper,51,4.56,1.4626,0.8797,0.3963,83.67
Dual-Pad Composite Nano,Paper,100,40.71,2.6087,0.8957,0.6251,72.72
Gloss-Cover Composite Delta,Metal,85,12.31,5.7205,0.1363,2.3357,59.02
Dark-Coat Metal Nano,Metal,44,24.89,4.246,0.0859,2.0688,43.02
Hyper-Fiber Metal Eco,Composite,87,14.99,5.1393,0.3947,1.3638,59.16
Steady-Core Glass Nano,Metal,54,12.83,6.8261,0.0249,1.6586,65.11
Lite-Cap Paper V3,Paper,83,0.57,2.073,0.8681,0.4097,68.76
Porous-Cord Metal Nano,Paper,93,9.63,2.5625,0.774,0.4776,21.26
Active-Fiber Paper M,Paper,25,11.93,0.9875,0.7593,0.321,43.55
Matte-Strip Metal Nano,Bioplastic,47,14.19,2.423,0.8006,0.466,19.42
Rigid-Coat Glass Prime,Metal,21,20.96,4.1842,0.0894,1.3301,65.08
Hard-Fiber Paper Pro,Composite,35,43.51,4.9305,0.2822,1.9465,67.83
Rigid-Bag Bioplastic Nano,Paper,76,33.32,2.3418,0.7792,0.63,25.98
Gloss-Shield Paper Ultra,Bioplastic,51,24.75,4.1593,0.8875,0.5883,46.83
Clear-Sheet Glass Sigma,Metal,40,3.54,6.6724,0.0119,1.6235,34.57
Pure-Slab Glass S,Glass,72,5.97,3.4719,0.1567,0.6813,75.37
Gloss-Strip Glass Sigma,Composite,80,39.39,6.7302,0.3173,1.5313,64.76
Soft-Barrier Metal HD,Composite,77,10.45,8.1409,0.3679,1.9807,32.92
Dense-Frame Paper Eco,Composite,81,11.42,8.4011,0.2034,1.1155,51.3
Poly-Tray Paper L,Composite,48,49.33,6.1877,0.3284,1.3869,32.75
Rough-Sheet Composite Gamma,Glass,67,26.34,4.2578,0.1544,1.27,77.95
Rigid-Slab Glass Pro,Metal,71,1.5,6.0536,0.177,1.2768,34.04
Hard-Film Composite Lite,Metal,51,38.01,6.0435,0.1112,2.2005,77.91
Smart-Pouch Bioplastic V3,Metal,87,46.13,6.6059,0.1955,1.3664,91.48
Eco-Pad Paper XL,Composite,61,38.54,7.4066,0.2839,1.515,50.89
Matte-Shield Paper V2,Glass,43,5.87,2.9339,0.2528,0.7396,78.39
Super-Layer Paper Delta,Bioplastic,95,10.37,3.9559,0.9684,0.5843,57.94
Porous-Guard Composite Prime,Composite,32,19.31,6.1883,0.3781,1.3028,82.91
Matte-Sleeve Composite Gamma,Glass,65,23.83,3.2306,0.1667,0.9004,91.39
Smart-Plate Glass L,Paper,22,34.64,0.8468,0.9292,0.5958,83.66
Max-Slab Metal Prime,Metal,46,23.62,5.4297,0.1477,1.2901,94.13
Micro-Fiber Metal Gamma,Composite,90,22.34,5.1972,0.3476,1.2056,18.23
Stable-Disc Glass V2,Composite,52,1.08,6.425,0.2241,1.0673,60.03
Rigid-Liner Bioplastic Max,Glass,77,44.71,3.1457,0.2847,1.4165,17.95
Pure-Net Composite Elite,Metal,52,39.66,5.557,0.1258,2.438,13.75
Eco-Pad Bioplastic Delta,Bioplastic,55,27.28,3.6614,0.9392,0.5153,81.57
Mono-Seal Composite Delta,Paper,47,39.89,1.7781,0.77,0.73,29.49
Prime-Layer Glass V2,Glass,93,14.24,4.1996,0.1698,0.9079,48.45
Soft-Fiber Paper Ultra,Bioplastic,41,1.83,2.2731,0.9254,0.2668,33.4
Dense-Disc Bioplastic HD,Bioplastic,42,41.2,2.5638,0.809,0.7238,80.32
Hyper-Liner Bioplastic Plus,Paper,45,7.07,1.5035,0.8823,0.3184,21.43
Micro-Board Glass Gamma,Paper,35,36.42,1.4482,0.8233,0.7712,74.69
Smooth-Shell Paper S,Paper,75,8.12,1.8848,0.9302,0.4033,10.65
Smart-Coat Composite Alpha,Bioplastic,67,2.24,2.9467,0.9686,0.4305,17.21
Rigid-Wrap Bioplastic Eco,Glass,40,10.98,2.5382,0.1217,0.7732,79.07
Bright-Box Composite L,Bioplastic,54,35.83,3.7532,0.9768,0.8106,86.58
Ultra-Slab Metal Lite,Glass,95,45.0,5.3177,0.2969,1.6391,23.38
Dual-Cap Bioplastic Ultra,Bioplastic,96,26.88,4.3032,0.9907,0.6788,61.93
Pure-Panel Composite Eco,Paper,76,14.32,2.0131,0.7928,0.5432,75.6
Core-Band Glass Plus,Metal,22,10.22,4.0278,0.1545,1.6995,17.74
Dense-Base Glass Plus,Composite,94,6.21,7.7359,0.3802,1.0578,69.52
Rapid-Shell Glass Beta,Bioplastic,34,28.22,2.7213,0.9299,0.8072,79.42
Clear-Block Composite Sigma,Composite,26,26.14,5.6917,0.2464,1.1331,87.18
Heavy-Band Glass HD,Composite,85,42.99,6.8922,0.2148,1.7967,17.1
Poly-Strip Metal HD,Composite,87,27.11,5.6825,0.2664,1.1545,25.16
Rigid-Layer Composite Eco,Bioplastic,74,24.78,4.399,0.8279,0.8038,69.4
Lite-Strip Metal Gamma,Metal,31,26.14,5.4756,0.0143,2.2428,56.47
Uni-Tube Metal Elite,Composite,61,23.31,7.0179,0.3986,1.3583,12.81
Bio-Coat Paper Prime,Bioplastic,21,39.11,3.2151,0.9382,0.9763,71.46
Poly-Foam Metal XL,Bioplastic,30,16.46,3.36,0.9616,0.6389,17.02
Rapid-Layer Bioplastic XL,Bioplastic,44,24.3,3.7346,0.8878,0.8407,65.04
Nano-Frame Glass Plus,Bioplastic,27,39.48,3.282,0.921,0.9225,94.01
Bright-Cord Paper M,Bioplastic,60,19.26,2.688,0.9829,0.6908,73.96
Hard-Layer Glass V3,Glass,53,8.38,3.6607,0.1296,1.0983,55.9
Dual-Core Metal Prime,Glass,56,24.81,4.5226,0.1153,0.8687,74.87
Clear-Barrier Composite X,Composite,84,31.27,4.6668,0.2759,1.0812,46.95
Tri-Band Metal X,Glass,23,2.69,1.9675,0.2324,1.2155,42.12
Max-Guard Metal Gamma,Bioplastic,63,4.89,3.9533,0.855,0.3489,42.11
Open-Film Metal Prime,Bioplastic,35,12.17,2.2556,0.8539,0.4528,37.34
Core-Pouch Paper Beta,Glass,26,18.63,3.7275,0.257,0.9666,13.56
Multi-Box Composite S,Composite,25,31.44,3.5334,0.2416,1.5266,82.76
Soft-Weave Bioplastic Pro,Composite,91,23.27,6.1823,0.3997,1.8795,76.18
Flex-Board Bioplastic XL,Paper,87,9.65,2.1255,0.8036,0.2906,20.4
Nano-Layer Bioplastic M,Glass,70,13.01,3.9629,0.278,1.3423,72.77
Core-Board Glass Pro,Bioplastic,53,31.47,2.8322,0.9714,0.6257,90.62
Bright-Board Bioplastic Plus,Bioplastic,83,44.08,3.4131,0.8388,0.9681,25.95
Sealed-Cord Metal X,Paper,28,20.29,1.0432,0.8846,0.4254,44.01
Bright-Weave Bioplastic Elite,Glass,57,36.44,3.6878,0.229,1.378,36.14
Rough-Core Glass M,Composite,58,8.35,5.028,0.284,1.6639,41.3
Macro-Core Metal Gamma,Metal,87,21.83,4.5908,0.1922,1.4961,49.27
Prime-Barrier Glass X,Paper,25,41.19,1.0104,0.9464,0.7089,40.15
Gloss-Frame Bioplastic Max,Composite,67,38.0,7.9516,0.2085,1.5839,29.47
Mono-Pouch Metal XL,Bioplastic,67,17.33,3.9527,0.8588,0.797,87.47
Ultra-Film Paper V3,Paper,22,33.6,1.0484,0.8115,0.7536,83.36
Active-Band Paper Eco,Paper,85,29.0,2.4981,0.851,0.7454,75.62
Smart-Layer Metal L,Metal,33,18.73,5.2509,0.1002,1.355,93.5
Heavy-Base Bioplastic Ultra,Composite,62,36.41,4.6307,0.322,1.9207,67.26
Uni-Tray Glass Sigma,Metal,63,2.36,6.3543,0.0115,2.203,30.3
Macro-Shield Metal Gamma,Paper,47,10.84,1.7108,0.821,0.537,31.91
Lite-Shield Paper Alpha,Composite,60,44.23,4.5376,0.3457,2.1303,78.51
Heavy-Strip Composite M,Glass,31,5.18,3.3397,0.2052,1.1088,76.93
Matte-Cap Glass L,Paper,89,2.89,2.6666,0.7982,0.2363,67.7
Ultra-Cap Metal Delta,Metal,83,11.23,5.6692,0.0646,1.3509,85.0
Soft-Pouch Bioplastic Max,Metal,24,36.31,6.6114,0.1836,2.1809,52.92
Tri-Net Composite Gamma,Metal,61,49.58,4.0369,0.1921,2.6834,76.21
Bright-Sheet Bioplastic M,Metal,87,44.65,4.2311,0.037,2.577,94.77
Hard-Mesh Glass Elite,Metal,23,29.51,4.1982,0.083,2.0197,81.2
Smooth-Cord Composite Alpha,Bioplastic,87,46.25,3.4839,0.8755,0.8914,69.74
Ultra-Film Composite Pro,Paper,53,36.6,1.8627,0.8692,0.8341,87.17
Bio-Guard Metal Pro,Glass,20,44.17,3.2963,0.1784,1.4095,39.39
Matte-Guard Bioplastic Prime,Glass,27,4.27,3.2681,0.2617,1.2194,64.34
Matte-Net Glass V2,Composite,93,14.7,7.0326,0.2452,1.3434,50.57
Core-Base Metal Lite,Bioplastic,23,29.53,3.2179,0.8815,0.6035,71.45
Micro-Board Bioplastic XL,Paper,47,30.53,1.5682,0.7647,0.6207,38.49
Tri-Sheet Metal Lite,Metal,73,4.3,4.8923,0.0073,2.062,72.11
Hard-Weave Metal V2,Metal,36,26.22,4.7379,0.1494,2.4066,63.59
Gloss-Barrier Composite V3,Glass,63,12.26,4.7183,0.1857,1.3756,73.22
Passive-Weave Composite Nano,Glass,86,34.84,3.3763,0.1258,1.4526,11.53
Eco-Sheet Paper Prime,Bioplastic,25,47.22,3.4922,0.8111,1.0662,40.71
Gloss-Weave Glass L,Paper,70,44.28,1.7986,0.9242,0.631,23.09
Porous-Foam Paper S,Paper,78,4.1,2.4272,0.7926,0.5068,75.25
Rigid-Board Paper Alpha,Composite,52,44.93,5.4055,0.3635,1.7802,25.59
Gloss-Film Composite V3,Metal,93,5.88,6.7216,0.0971,2.1034,64.75
Mono-Barrier Composite Plus,Paper,38,31.25,1.6512,0.9163,0.5796,91.87
Macro-Box Metal V3,Paper,34,12.48,1.523,0.751,0.4631,48.03
Micro-Bag Metal V2,Bioplastic,44,17.46,2.6101,0.9726,0.7797,72.62
Steady-Barrier Metal Elite,Bioplastic,87,7.26,3.0913,0.8467,0.4623,71.53
Mono-Liner Paper Max,Composite,26,5.57,4.9505,0.3382,0.7974,79.89
Max-Cord Paper Delta,Metal,84,18.73,6.3032,0.1415,2.2922,34.29
Ultra-Layer Paper Lite,Composite,43,46.78,6.8045,0.2906,1.4941,78.62
Steady-Core Glass Elite,Bioplastic,71,37.93,4.0782,0.9248,0.8697,75.16
Gloss-Box Paper Nano,Metal,93,40.5,7.6579,0.1314,2.5504,64.55
Hard-Mesh Glass Plus,Bioplastic,96,37.43,4.5183,0.9522,0.956,17.62
Clear-Wrap Paper Delta,Bioplastic,86,15.13,4.0398,0.8732,0.5449,90.91
Poly-Foam Paper Lite,Composite,51,7.77,6.3075,0.2589,1.7245,85.42
Nano-Mesh Composite Beta,Glass,92,31.13,5.3847,0.1389,0.9314,26.18
Prime-Base Paper Prime,Glass,43,42.04,4.0356,0.1446,1.5248,75.98
Macro-Pad Glass Elite,Composite,75,20.51,6.7633,0.3875,1.4145,69.47
Hyper-Sleeve Metal X,Bioplastic,91,23.91,3.868,0.8235,0.7846,92.65
Super-Ring Glass HD,Bioplastic,23,32.28,2.0644,0.8432,0.7875,94.55
Rapid-Weave Bioplastic XL,Bioplastic,49,26.24,2.6764,0.934,0.7434,40.75
Green-Foam Metal Alpha,Glass,51,44.98,3.5645,0.2315,1.3787,11.49
Green-Cover Paper M,Metal,56,41.49,7.0244,0.192,2.6458,20.01
Flex-Tube Composite Eco,Paper,38,45.16,1.4214,0.8368,0.6406,78.39
Smart-Slab Composite Prime,Composite,38,20.61,6.9177,0.3089,1.102,66.18
Rough-Foam Bioplastic Max,Composite,31,39.29,5.1027,0.2757,1.6012,16.19
Dense-Shell Metal Beta,Bioplastic,47,1.24,3.1542,0.8852,0.5212,68.28
Lite-Coat Bioplastic XL,Bioplastic,38,38.44,3.6183,0.8627,0.7591,88.53
Thin-Sheet Metal HD,Glass,35,12.97,2.5225,0.1534,1.0429,30.45
Flex-Mesh Bioplastic S,Bioplastic,59,42.56,2.9784,0.9798,1.0075,80.77
Open-Barrier Bioplastic Gamma,Metal,41,24.18,4.1314,0.0013,2.4201,46.91
Bio-Strip Metal Prime,Composite,70,45.41,5.9129,0.3997,1.3142,93.27
Thin-Net Bioplastic XL,Paper,69,25.44,1.7713,0.8837,0.6787,38.46
Stable-Wrap Metal V2,Bioplastic,23,2.87,1.8511,0.9056,0.5135,33.74
Core-Shell Bioplastic Prime,Metal,57,31.68,3.8717,0.1475,1.2983,44.66
Core-Pad Metal HD,Paper,42,43.21,1.477,0.9244,0.8969,64.58
Max-Shell Metal Ultra,Glass,100,7.61,5.0059,0.1441,0.7799,11.43
Matte-Block Bioplastic Ultra,Paper,83,22.31,2.3394,0.8281,0.4206,90.15
Ultra-Net Glass Elite,Composite,37,36.44,6.8971,0.2823,1.2404,21.66
Rapid-Net Paper X,Metal,22,28.0,3.2445,0.1745,2.2675,80.21
Multi-Mesh Metal Plus,Composite,69,46.19,8.5007,0.3131,2.3009,15.68
Sealed-Wrap Bioplastic Nano,Paper,53,1.63,1.9251,0.8849,0.2751,92.48
Dense-Coat Composite Alpha,Composite,45,10.53,4.7213,0.3874,1.9703,36.71
Matte-Cover Metal HD,Paper,41,10.53,1.6737,0.8303,0.4255,88.81
Flex-Band Bioplastic Eco,Glass,79,1.03,4.849,0.2798,0.6217,18.64
Pure-Base Glass M,Composite,97,8.59,6.4113,0.2438,1.3122,80.14
Hyper-Pad Bioplastic X,Composite,60,7.05,6.1813,0.3147,1.2045,20.31
Rough-Pad Composite Max,Composite,47,22.65,7.6622,0.309,1.315,60.37
Gloss-Cover Composite Elite,Paper,41,43.3,1.3477,0.7782,0.7317,53.37
Mono-Liner Glass XL,Composite,32,21.84,4.6929,0.2106,1.4805,67.97
Super-Mesh Paper Prime,Composite,33,20.22,5.8104,0.3855,2.0083,72.98
Open-Tray Glass Gamma,Glass,83,33.53,3.4347,0.1373,0.8265,23.73
Eco-Liner Metal Prime,Bioplastic,31,43.97,3.6506,0.9178,1.0106,18.7
Pro-Guard Metal HD,Composite,44,13.42,7.7746,0.284,1.5412,38.91
Porous-Tray Glass Lite,Paper,82,39.33,2.3677,0.8376,0.8007,83.66
Lite-Band Paper Sigma,Paper,49,43.8,1.6266,0.9253,0.8724,25.06
Pro-Cap Paper Ultra,Composite,60,20.72,5.4893,0.3145,1.4668,72.8
Rapid-Bag Composite Nano,Glass,83,39.39,4.3549,0.2438,1.2169,67.86
Rough-Strip Bioplastic X,Paper,35,22.95,1.4351,0.8305,0.691,30.06
Green-Bag Paper Elite,Metal,71,26.15,6.9793,0.172,1.1847,74.99
Nano-Foam Metal Delta,Glass,68,27.26,2.9456,0.2681,0.897,63.48
Stable-Shell Glass Beta,Glass,61,33.86,2.8096,0.1787,1.5174,41.11
Ultra-Wrap Composite S,Composite,62,27.18,6.008,0.221,1.3097,58.4
Active-Layer Paper L,Bioplastic,29,26.38,3.3648,0.8348,0.8965,21.79
Heavy-Lid Composite Gamma,Paper,92,20.2,2.4412,0.8688,0.3938,60.2
Thin-Bag Paper Gamma,Composite,54,12.14,6.6231,0.3084,1.7814,83.79
Tri-Cover Composite HD,Composite,40,6.78,7.6418,0.3702,1.7459,90.87
Smart-Fiber Glass XL,Metal,49,33.28,5.5178,0.195,2.1301,68.77
Gloss-Wrap Paper V3,Bioplastic,84,48.47,4.2238,0.8596,0.9669,81.92
Multi-Weave Bioplastic Nano,Composite,98,25.85,7.5299,0.3295,1.3188,48.41
Lite-Shell Glass V3,Paper,89,25.62,2.6593,0.9002,0.4469,65.66
Mini-Block Composite Prime,Bioplastic,31,18.17,2.2345,0.979,0.5824,43.19
Stable-Layer Glass X,Paper,45,27.19,1.7847,0.7874,0.7321,48.42
Hard-Sheet Paper Ultra,Metal,68,39.12,7.5196,0.0127,2.2329,92.74
Mini-Shell Paper Plus,Bioplastic,83,30.72,3.8951,0.9084,0.89,58.84
Thin-Wrap Paper Delta,Glass,75,25.54,4.4808,0.1308,1.4027,37.21
Smart-Frame Bioplastic S,Bioplastic,93,10.21,5.0885,0.8076,0.5994,37.05
Multi-Block Metal V3,Paper,87,0.53,2.444,0.8865,0.423,41.34
Stable-Sleeve Glass Max,Composite,54,44.21,6.7997,0.3736,2.0688,43.16
Uni-Liner Bioplastic X,Metal,99,16.93,6.188,0.0077,2.0788,24.27
Poly-Disc Bioplastic Alpha,Bioplastic,89,9.21,4.518,0.9705,0.4394,25.52
Uni-Plate Bioplastic L,Metal,87,19.96,6.4753,0.0392,1.6291,79.29
Poly-Cap Composite Eco,Paper,57,9.69,1.6256,0.9403,0.482,72.85
Passive-Pouch Glass XL,Paper,54,39.58,1.8867,0.7944,0.858,56.43
Rough-Plate Metal Eco,Paper,93,46.76,2.3971,0.7829,0.6715,67.85
Rapid-Strip Metal Max,Composite,61,9.74,7.3706,0.3445,1.936,25.12
Stable-Cord Glass Max,Glass,63,19.76,4.791,0.1344,1.4345,28.84
Mono-Bag Paper Delta,Metal,48,17.49,5.7506,0.1373,1.2282,83.14
Thin-Frame Composite Plus,Glass,84,5.76,4.6434,0.1738,0.5581,64.89
Stable-Block Metal Lite,Glass,86,13.51,3.9698,0.27,0.8746,61.84
Poly-Weave Bioplastic M,Metal,82,38.76,5.1961,0.0523,1.299,36.06
Micro-Block Metal HD,Paper,99,6.44,2.7015,0.8525,0.4175,88.74
Pure-Sleeve Paper Lite,Glass,34,45.74,3.3978,0.133,1.0967,80.81
Steady-Slab Paper Prime,Metal,62,29.31,4.7262,0.0075,2.4509,27.87
Mono-Seal Glass L,Bioplastic,59,4.87,3.0214,0.8215,0.6197,27.2
Thin-Foam Metal Prime,Glass,47,36.58,3.1454,0.2772,1.4998,50.45
Gloss-Tube Bioplastic Alpha,Paper,87,5.32,2.5293,0.8395,0.3284,11.36
Stable-Barrier Paper XL,Composite,99,13.65,8.5051,0.3394,1.6285,19.27
Hard-Cover Paper Beta,Metal,31,2.24,4.4324,0.0913,1.846,90.58
Super-Liner Glass Gamma,Glass,35,34.96,3.2522,0.2123,1.3137,80.97
Flex-Frame Glass Beta,Paper,81,0.83,2.1685,0.797,0.3426,57.41
Max-Bag Metal Eco,Paper,64,20.41,2.1196,0.937,0.5513,87.6
Pro-Slab Glass Gamma,Metal,74,21.1,7.6089,0.1728,1.9864,45.32
Max-Wrap Bioplastic HD,Bioplastic,77,27.18,3.3535,0.9725,0.5671,70.02
Dual-Panel Bioplastic V2,Paper,85,17.2,2.4574,0.8839,0.5144,38.86
Bio-Pad Composite Elite,Metal,95,21.39,5.7503,0.1734,2.2953,81.53
Steady-Core Paper Elite,Glass,56,9.3,2.8036,0.2916,1.3014,92.25
Max-Lid Paper XL,Bioplastic,74,49.28,2.7903,0.9865,0.7353,13.35
Smooth-Cap Paper Beta,Metal,39,40.18,4.6641,0.0459,2.2728,29.73
Pure-Cap Paper Eco,Metal,50,6.99,6.8279,0.1766,2.2105,77.94
Steady-Cap Paper Max,Bioplastic,60,3.93,2.471,0.868,0.2928,27.35
Prime-Net Glass Elite,Paper,74,28.0,1.9302,0.7701,0.551,82.35
Rapid-Cord Paper M,Paper,87,31.04,2.3022,0.874,0.7054,22.25
Max-Guard Glass Beta,Glass,48,21.44,4.3375,0.2578,1.2699,34.88
Open-Panel Paper Beta,Glass,72,7.91,2.854,0.1733,0.9714,72.79
Smooth-Tray Composite Eco,Composite,41,46.0,4.8868,0.3899,1.2635,28.57
Rigid-Tube Bioplastic V2,Composite,42,35.52,7.194,0.2212,1.2357,81.09
Active-Board Metal XL,Glass,36,10.41,2.4351,0.2682,0.5898,35.91
Hyper-Liner Metal Plus,Bioplastic,31,3.42,3.3418,0.9771,0.482,45.31
Dark-Sleeve Metal Gamma,Composite,82,8.43,7.5972,0.2926,0.8334,24.03
Mega-Frame Bioplastic Lite,Composite,80,20.5,7.5071,0.333,1.1373,25.36
Hard-Sleeve Glass Plus,Bioplastic,64,24.26,3.1753,0.9494,0.6279,63.36
Matte-Base Paper M,Paper,81,7.22,2.0551,0.8642,0.262,22.11
Prime-Cord Bioplastic Prime,Metal,31,25.79,6.0557,0.134,1.8383,86.47
Thin-Ring Composite X,Paper,90,12.43,2.2062,0.7606,0.565,71.05
Thin-Cover Bioplastic Prime,Metal,35,32.45,3.8259,0.0914,1.5471,47.65
Rapid-Box Composite X,Bioplastic,47,46.33,3.4977,0.9933,1.086,88.72
Heavy-Wrap Bioplastic Nano,Composite,61,9.5,4.7028,0.391,1.9066,28.2
Pro-Tray Glass L,Bioplastic,72,44.14,4.5916,0.9466,1.0012,65.87
Gloss-Plate Glass Pro,Paper,94,4.23,2.3968,0.8606,0.2655,86.22
Green-Strip Glass Alpha,Bioplastic,61,32.84,3.8709,0.8489,0.7994,86.03
Soft-Shell Bioplastic Delta,Paper,46,16.35,1.7868,0.8034,0.3801,71.61
Max-Cover Paper V3,Bioplastic,79,36.99,4.5874,0.8438,0.9332,34.64
Max-Sleeve Bioplastic HD,Glass,22,28.77,2.4143,0.1508,1.4163,75.87
Lite-Foam Bioplastic Elite,Paper,98,35.92,2.3741,0.9287,0.7203,82.08
Uni-Cord Bioplastic Gamma,Metal,94,22.22,5.0492,0.0349,1.227,14.71
Hard-Cord Bioplastic Ultra,Composite,51,33.5,6.4419,0.3519,2.1478,71.09
Steady-Pad Paper Nano,Composite,47,24.77,7.6797,0.2654,1.6632,57.46
Matte-Frame Metal Nano,Paper,86,12.53,2.1521,0.9125,0.5311,18.38
Gloss-Base Metal XL,Glass,66,20.16,4.4593,0.2726,1.12,24.73
Stable-Net Metal M,Composite,25,13.63,5.7385,0.3213,1.984,85.21
Rapid-Sleeve Metal Max,Glass,86,25.42,5.02,0.1877,1.2811,68.93
Macro-Core Metal X,Metal,67,33.53,5.1659,0.0474,2.0378,88.57
Active-Block Composite Elite,Composite,25,10.5,4.5238,0.2604,1.9321,64.86
Rough-Pouch Bioplastic Alpha,Bioplastic,93,42.83,4.2562,0.8219,0.6949,80.99
Uni-Cover Glass Beta,Bioplastic,40,47.73,3.7866,0.9141,1.0887,17.95
Pro-Mesh Glass S,Paper,39,32.32,1.2221,0.9354,0.7857,73.69
Hyper-Fiber Glass Elite,Composite,23,5.08,4.1349,0.2554,1.8122,53.47
Active-Box Bioplastic L,Glass,27,30.8,2.3719,0.101,1.1205,49.96
Open-Shield Paper Beta,Glass,46,34.5,3.4197,0.2217,0.9171,43.81
Smart-Pad Glass Lite,Metal,39,36.72,3.6749,0.0315,2.5673,88.54
Mono-Sleeve Metal S,Composite,78,20.8,7.6717,0.2279,1.0662,75.57
Active-Board Composite Elite,Glass,31,6.24,2.8617,0.1209,1.273,13.56
Multi-Fiber Glass Gamma,Glass,99,36.22,4.3623,0.2446,1.3716,88.67
Bright-Block Glass Prime,Composite,76,46.65,5.191,0.3246,2.0621,13.15
Uni-Coat Paper HD,Bioplastic,93,10.03,3.873,0.8417,0.3457,25.2
Open-Plate Metal S,Composite,58,38.94,4.416,0.3529,1.4479,18.54
Steady-Core Glass Delta,Bioplastic,56,1.62,3.4856,0.879,0.4661,88.36
Flex-Sheet Paper Gamma,Paper,21,29.03,0.9497,0.7769,0.6492,41.92
Nano-Panel Metal Max,Paper,22,42.08,1.1153,0.8901,0.7108,92.25
Stable-Cover Paper Alpha,Bioplastic,68,42.06,2.7507,0.9484,0.9227,78.46
Green-Coat Paper M,Composite,47,35.93,6.243,0.269,2.0144,59.59
Thick-Bag Glass M,Metal,22,38.93,3.7711,0.0907,1.5021,26.21
Mini-Foam Metal Nano,Glass,65,27.71,3.8872,0.1775,1.3672,21.08
Open-Film Composite S,Paper,23,13.34,0.8512,0.8985,0.3603,21.97
Stable-Cover Composite Lite,Paper,81,46.54,2.2024,0.8224,0.694,29.62
Core-Cover Metal Plus,Bioplastic,83,14.26,3.2494,0.9239,0.5598,71.33
Bright-Mesh Metal XL,Metal,30,21.85,6.3686,0.0045,1.4608,20.75
Ultra-Seal Metal Delta,Composite,56,26.79,8.0787,0.2214,1.3712,91.0
Macro-Seal Glass L,Metal,40,41.47,5.8851,0.1284,1.6475,70.38
Passive-Plate Bioplastic Lite,Bioplastic,56,2.1,2.4961,0.8034,0.4063,86.93
Uni-Shell Composite S,Metal,83,28.44,7.0684,0.0903,1.8192,76.88
Tri-Panel Composite Sigma,Glass,99,3.71,4.3542,0.2354,1.3155,41.62
Nano-Net Bioplastic Gamma,Composite,74,42.25,8.4414,0.2503,2.1524,21.63
Thick-Sheet Metal Alpha,Composite,52,23.36,3.852,0.2088,1.0249,20.07
Pure-Guard Paper Pro,Metal,85,6.57,4.9478,0.1612,2.0707,45.07
Prime-Barrier Paper X,Paper,49,5.47,1.5493,0.9027,0.2617,23.76
Passive-Weave Metal Alpha,Glass,86,2.61,3.1489,0.1195,1.0875,41.13
Heavy-Cover Composite Delta,Composite,33,7.83,3.5941,0.344,1.9673,69.87
Tri-Bag Metal Gamma,Composite,79,4.68,6.6168,0.2817,0.8888,14.58
Sealed-Band Glass Lite,Paper,49,16.94,1.8628,0.9126,0.4357,92.45
Gloss-Ring Composite Lite,Metal,55,24.86,4.3181,0.0801,1.3199,26.71
Green-Pouch Metal Nano,Paper,22,28.47,0.8899,0.8563,0.6231,40.2
Rigid-Pad Composite Plus,Bioplastic,74,35.32,3.9204,0.8992,0.675,57.71
Poly-Cord Paper Max,Paper,62,10.35,1.9591,0.9244,0.3436,44.22
Core-Layer Bioplastic V3,Glass,76,46.14,4.7643,0.2779,1.2908,22.66
Dense-Cap Paper Eco,Composite,65,29.46,6.4083,0.3661,1.854,50.38
Dual-Ring Metal XL,Metal,24,3.35,3.9541,0.083,1.0838,92.03
Gloss-Band Bioplastic XL,Bioplastic,100,29.67,4.7551,0.959,0.5569,60.02
Mini-Frame Paper Prime,Glass,79,6.65,3.5351,0.1039,1.0706,59.77
Dark-Tray Glass Prime,Composite,89,38.53,7.009,0.3641,1.7808,69.49
Hard-Block Metal Prime,Composite,100,34.97,7.3263,0.263,1.871,70.16
Sealed-Sheet Bioplastic Ultra,Metal,60,39.33,3.8128,0.1221,2.0461,78.67
Prime-Pouch Paper Lite,Metal,58,32.51,5.912,0.0994,2.594,76.58
Max-Board Bioplastic X,Metal,87,49.49,6.6497,0.1296,1.6929,60.18
Rough-Foam Composite Alpha,Bioplastic,35,40.78,2.7168,0.9113,0.7648,44.93
Hard-Ring Paper Beta,Metal,68,47.79,4.3815,0.097,2.8067,51.23
Heavy-Block Bioplastic Gamma,Glass,93,13.68,3.7733,0.1348,0.8747,25.56
Dense-Liner Metal Gamma,Metal,85,33.65,6.4412,0.1166,2.6045,94.63
Core-Cover Metal M,Metal,77,40.45,4.2479,0.1645,1.7007,85.09
Stable-Panel Bioplastic Elite,Glass,37,1.8,3.168,0.2031,1.1539,55.95
Stable-Plate Metal Eco,Bioplastic,41,5.73,2.8933,0.9682,0.5616,66.04
Micro-Plate Composite Lite,Composite,100,40.26,7.5622,0.219,2.2397,89.6
Uni-Film Composite Prime,Metal,30,12.14,5.6847,0.1502,1.8787,60.62
Ultra-Pouch Glass M,Paper,94,22.7,2.3106,0.7724,0.6998,91.81
Core-Tube Paper V3,Glass,88,25.43,4.4528,0.158,1.2635,12.6
Tri-Foam Paper Beta,Paper,29,48.54,1.4404,0.9288,0.7566,21.75
Bright-Slab Bioplastic L,Composite,35,22.84,7.3728,0.2712,1.5642,88.8
Mono-Layer Bioplastic Plus,Bioplastic,93,49.15,5.0456,0.8748,1.1045,55.82
Rigid-Foam Glass HD,Paper,27,40.69,1.0327,0.7594,0.7292,50.23
Sealed-Shield Metal X,Paper,31,41.53,1.0689,0.7878,0.7643,35.46
Sealed-Mesh Composite Prime,Glass,71,5.03,4.2455,0.1168,0.6566,85.73
Max-Shell Paper Alpha,Bioplastic,95,13.89,3.4874,0.9341,0.6028,52.9
Open-Mesh Metal XL,Composite,79,36.45,6.1053,0.3887,1.8888,82.07
Core-Pouch Bioplastic X,Bioplastic,26,13.72,2.9459,0.8459,0.4244,86.9
Open-Cap Glass Max,Bioplastic,31,39.61,2.7186,0.8709,0.6537,86.46
Pure-Frame Glass Gamma,Composite,51,9.26,5.0701,0.3788,1.6417,57.45
Flex-Strip Bioplastic Ultra,Paper,62,36.28,1.7847,0.9058,0.6809,77.82
Dense-Coat Metal M,Paper,70,9.5,2.102,0.927,0.5529,69.67
Mono-Fiber Glass Plus,Composite,56,41.84,5.5758,0.3094,2.0028,89.52
Lite-Shield Paper S,Paper,74,1.77,2.0792,0.8125,0.2171,10.99
Thin-Frame Bioplastic Nano,Bioplastic,91,17.23,3.8442,0.832,0.7857,59.3
Open-Weave Paper Lite,Paper,51,41.36,1.5936,0.8585,0.6311,52.72
Green-Sheet Bioplastic X,Metal,93,48.03,7.3079,0.0532,1.9805,69.22
Matte-Cap Metal Pro,Bioplastic,49,30.9,3.9831,0.8275,0.6524,50.76
Thick-Frame Glass Pro,Composite,87,22.54,7.0733,0.285,1.6933,15.39
Thin-Pouch Metal HD,Metal,58,4.16,7.455,0.0226,2.2857,94.51
Eco-Slab Metal Eco,Bioplastic,51,18.21,3.7759,0.9199,0.748,94.88
Max-Seal Paper X,Glass,46,35.88,2.5575,0.1427,1.4146,86.03
Core-Seal Glass S,Paper,63,9.74,1.7467,0.9337,0.3738,53.44
Tri-Film Paper Lite,Paper,71,16.96,2.2265,0.7544,0.3993,87.05
Dense-Panel Bioplastic Prime,Bioplastic,55,37.65,3.3413,0.8524,0.863,46.46
Core-Weave Composite Beta,Metal,24,43.72,5.6135,0.0547,2.5187,45.39
Steady-Coat Paper Alpha,Glass,28,23.77,3.5887,0.2793,1.4628,15.55
Hyper-Fiber Paper XL,Bioplastic,86,6.78,3.4922,0.9076,0.609,63.59
Thin-Foam Paper HD,Paper,89,27.28,2.6292,0.7506,0.573,80.83
Rough-Core Glass Alpha,Glass,38,5.3,2.3352,0.1542,0.9466,94.6
Eco-Liner Metal V3,Paper,48,42.07,1.6524,0.9338,0.7887,90.51
Hard-Shield Paper L,Metal,89,21.4,6.7832,0.1235,2.4867,69.4
Stable-Lid Bioplastic Nano,Metal,94,20.09,6.7114,0.0881,2.4964,42.4
Lite-Frame Composite Max,Glass,59,34.59,4.4868,0.1655,1.2966,93.21
Rough-Frame Paper V3,Paper,26,5.98,1.2075,0.8945,0.4437,14.98
Hyper-Liner Metal S,Composite,81,49.74,5.5041,0.3857,2.2844,13.78
Dense-Fiber Metal Gamma,Metal,34,3.98,3.4326,0.1366,1.0326,80.76
Sealed-Liner Metal Gamma,Glass,88,37.76,4.3815,0.179,1.1946,31.13
Rapid-Bag Composite Eco,Glass,36,5.45,3.3944,0.1655,1.0141,42.21
Stable-Plate Metal Sigma,Bioplastic,20,2.93,2.8364,0.9303,0.3898,21.55
Thin-Barrier Bioplastic Max,Metal,87,48.58,5.1533,0.0094,2.7666,94.88
Bright-Pouch Composite Delta,Paper,55,39.38,1.8573,0.8614,0.7043,52.29
Rigid-Pad Bioplastic Gamma,Metal,26,16.68,4.6478,0.0324,2.2971,89.17
Sealed-Fiber Bioplastic Sigma,Bioplastic,60,21.47,3.1811,0.9513,0.5907,85.86
Steady-Seal Paper Elite,Composite,93,22.81,8.8532,0.3536,2.1058,26.34
Heavy-Weave Composite M,Glass,84,40.36,3.1436,0.1262,1.5692,41.41
Prime-Wrap Bioplastic Gamma,Paper,71,43.86,2.2008,0.9209,0.6739,45.59
Steady-Fiber Metal Beta,Glass,57,3.18,3.4123,0.1668,0.9984,29.46
Bright-Board Metal Plus,Bioplastic,26,0.95,3.6252,0.8851,0.5917,20.07
Stable-Block Bioplastic Plus,Paper,39,15.06,1.6598,0.9096,0.4591,84.92
Heavy-Guard Bioplastic Delta,Metal,80,15.88,4.5672,0.0632,1.1598,12.36
Bright-Cover Paper S,Composite,30,9.26,6.5202,0.22,1.2596,92.66
Smart-Box Glass Elite,Composite,84,40.86,5.5853,0.3594,1.8959,94.44
Macro-Foam Bioplastic Elite,Bioplastic,20,38.14,3.5993,0.803,0.8112,53.88
Nano-Shell Glass Gamma,Glass,70,24.32,3.888,0.2118,0.8799,16.73
Mono-Weave Composite L,Composite,93,29.98,8.8038,0.2888,1.9625,11.16
Pro-Frame Paper L,Glass,54,22.58,4.6673,0.1817,0.9163,23.95
Matte-Guard Glass Delta,Composite,74,4.27,7.494,0.3839,0.8269,54.94
Macro-Slab Bioplastic XL,Composite,49,36.9,7.6718,0.2684,1.6051,69.2
Mini-Slab Bioplastic Plus,Composite,69,43.39,6.5221,0.2922,1.5743,79.62
Open-Barrier Paper Max,Glass,41,18.74,2.8024,0.2028,0.9152,20.49
Poly-Box Bioplastic L,Paper,91,34.89,2.2979,0.8149,0.6049,77.74
Rough-Lid Bioplastic Eco,Composite,54,2.83,6.8536,0.2858,1.1149,41.23
Stable-Film Metal S,Glass,79,17.26,3.3004,0.1394,1.3566,19.47
Smart-Core Glass S,Paper,44,8.13,1.6221,0.8395,0.4922,62.26
Dark-Sleeve Glass Lite,Glass,82,34.27,4.4057,0.2631,0.8906,47.26
Steady-Fiber Bioplastic Ultra,Metal,70,38.33,4.7852,0.0587,2.2456,73.09
Active-Sheet Bioplastic Pro,Composite,82,8.9,5.2832,0.3665,1.4557,68.23
Max-Weave Paper Prime,Glass,29,44.94,2.758,0.1025,1.3637,78.1
Smart-Bag Metal Plus,Composite,28,30.53,5.0629,0.2494,1.0753,37.96
Smart-Pouch Paper Nano,Metal,44,2.14,5.6742,0.1586,1.2657,71.13
Multi-Barrier Bioplastic Ultra,Glass,84,41.57,3.6669,0.2788,1.1605,29.51
Smart-Cord Bioplastic Alpha,Paper,59,1.08,2.0018,0.9226,0.4272,72.93
Mega-Panel Composite Gamma,Composite,85,3.92,8.3394,0.2881,1.3654,53.71
Super-Cover Composite Nano,Composite,28,42.21,4.8795,0.2344,1.447,87.93
Micro-Sheet Paper Beta,Metal,66,13.45,5.4159,0.1652,1.3499,55.48
Active-Barrier Glass Eco,Composite,66,34.58,6.2105,0.3239,1.6062,76.66
Dark-Seal Bioplastic Max,Bioplastic,33,1.27,3.2788,0.9511,0.5729,66.91
Eco-Fiber Composite V3,Paper,50,32.36,1.4178,0.8573,0.7917,53.56
Stable-Layer Composite V2,Bioplastic,52,43.77,3.756,0.9608,0.9049,46.17
Super-Tray Metal HD,Paper,95,26.62,2.677,0.927,0.6755,60.9
Steady-Guard Composite Elite,Metal,59,49.66,4.8408,0.1158,1.5959,50.74
Pure-Liner Composite X,Bioplastic,55,42.07,3.7084,0.8508,0.7537,78.87
Hard-Band Metal Elite,Bioplastic,96,27.25,5.0877,0.9421,0.5825,21.24
Steady-Pad Glass Pro,Metal,46,41.67,5.8675,0.1185,1.5608,30.01
Smooth-Base Composite L,Paper,92,39.72,2.273,0.7725,0.771,56.72
Clear-Sheet Paper Sigma,Composite,23,19.9,6.8544,0.3887,1.5989,93.59
Mega-Pouch Glass Max,Bioplastic,86,43.41,4.8098,0.9423,0.8969,28.03
Gloss-Tray Composite V3,Bioplastic,38,6.5,3.6361,0.803,0.397,85.56
Dual-Sheet Composite Ultra,Metal,22,3.62,4.8998,0.0923,1.5053,13.85
Core-Plate Metal Ultra,Composite,23,25.64,6.0381,0.3343,1.6461,78.17
Thin-Band Metal M,Paper,81,35.89,2.0369,0.8595,0.7842,26.09
Soft-Frame Paper Max,Glass,69,39.94,3.4153,0.2835,1.0676,57.01
Multi-Guard Metal Gamma,Paper,60,32.67,1.9026,0.767,0.6598,14.03
Dark-Tray Glass Pro,Metal,81,14.18,7.0847,0.1533,1.8673,21.75
Matte-Shield Paper V3,Bioplastic,60,15.81,4.1754,0.9177,0.7309,77.16
Smart-Coat Paper V2,Composite,24,0.68,6.5067,0.3989,1.2753,73.89
Gloss-Wrap Bioplastic V2,Bioplastic,43,0.67,3.7384,0.8558,0.3785,73.09
Passive-Fiber Bioplastic X,Metal,68,22.16,4.097,0.0039,2.1551,47.05
Porous-Tray Paper V2,Paper,69,21.39,1.7806,0.7526,0.5881,87.87
Hard-Liner Composite Pro,Bioplastic,58,43.44,3.8237,0.9408,1.0311,90.12
Sealed-Net Glass Plus,Glass,56,0.58,3.5034,0.1648,0.8049,79.53
Smooth-Tube Bioplastic Plus,Metal,95,13.81,6.7317,0.0084,1.9609,41.22
Macro-Panel Composite Gamma,Paper,91,38.13,2.4064,0.8596,0.6496,21.97
Pure-Core Glass HD,Composite,88,36.42,7.0442,0.2811,1.5503,49.02
Matte-Board Metal Prime,Paper,21,26.63,1.067,0.8616,0.6023,64.0
Bright-Cap Composite Lite,Glass,35,23.89,4.289,0.2321,1.1071,62.22
Mega-Base Paper Prime,Bioplastic,66,2.02,4.1696,0.8858,0.4054,81.73
Passive-Liner Bioplastic Nano,Paper,92,23.0,2.3974,0.8886,0.481,11.89
Pro-Plate Bioplastic Lite,Glass,31,7.07,3.9586,0.2528,0.8375,82.19
Rigid-Net Paper Ultra,Glass,100,26.34,4.6299,0.2745,1.0475,35.73
Pro-Barrier Bioplastic Ultra,Glass,30,27.89,2.0129,0.2887,1.4768,41.33
Prime-Disc Glass V2,Metal,37,47.07,6.2083,0.0722,2.1364,92.58
Gloss-Cord Composite Delta,Metal,35,23.3,4.9091,0.1412,2.1394,21.73
Stable-Board Composite HD,Paper,57,19.56,1.5917,0.7649,0.5381,77.76
Rapid-Film Metal Max,Paper,90,7.66,2.2005,0.8926,0.3774,21.71
Green-Box Metal Max,Paper,54,9.26,1.5075,0.9386,0.3729,59.95
Rigid-Frame Glass Elite,Bioplastic,77,3.14,4.2001,0.9991,0.625,71.29
Prime-Base Bioplastic Sigma,Bioplastic,66,13.69,2.8411,0.9647,0.5155,34.96
Dense-Shield Bioplastic Pro,Paper,82,41.76,2.015,0.837,0.7493,10.25
Rough-Panel Composite V3,Composite,93,7.51,8.3761,0.2734,1.7917,70.38
Bio-Fiber Bioplastic V3,Metal,22,46.94,3.0817,0.1264,1.6987,69.85
Heavy-Slab Paper V2,Metal,63,20.8,7.37,0.0919,1.4249,21.56
Nano-Block Composite Plus,Glass,80,49.6,4.1068,0.2839,1.4648,85.43
Eco-Strip Metal Lite,Paper,55,0.75,1.4989,0.854,0.4711,79.43
Porous-Tray Bioplastic V3,Bioplastic,43,8.47,2.6384,0.8905,0.3607,94.46
Uni-Sheet Glass Ultra,Glass,29,19.78,4.0347,0.2848,1.3137,41.72
Uni-Bag Bioplastic Ultra,Metal,81,3.76,7.0973,0.1886,1.8998,74.01
Passive-Film Paper X,Paper,27,5.03,1.2059,0.9449,0.4134,81.73
Gloss-Weave Bioplastic Prime,Metal,33,49.06,5.6392,0.063,2.0317,73.54
Mini-Mesh Glass X,Composite,25,37.32,4.3006,0.3634,2.0459,14.53
Dark-Foam Glass V3,Glass,92,7.24,3.3365,0.1925,1.2001,60.46
Porous-Strip Metal Ultra,Paper,21,0.73,1.0361,0.9312,0.4363,65.56
Tri-Box Metal X,Composite,84,28.91,5.8539,0.3423,1.8481,29.3
Dark-Frame Composite X,Composite,38,39.97,5.8564,0.2826,1.7861,28.13
Thick-Shield Metal Ultra,Bioplastic,72,17.56,3.8785,0.8558,0.6045,19.82
Flex-Disc Paper M,Paper,31,47.99,1.4062,0.8529,0.7023,50.3
Clear-Tube Composite Alpha,Bioplastic,59,40.64,2.6036,0.9803,0.9365,16.01
Gloss-Sleeve Glass Lite,Composite,53,16.95,4.5364,0.3549,1.6863,44.28
Thick-Frame Glass V2,Paper,43,3.9,1.7008,0.7927,0.4835,77.21
Green-Mesh Glass HD,Paper,66,22.17,1.9582,0.9263,0.4743,84.07
Sealed-Ring Paper Nano,Paper,39,21.32,1.1633,0.9224,0.6869,47.01
Soft-Cover Bioplastic Lite,Paper,74,22.67,2.1536,0.7938,0.622,31.37
Active-Box Glass L,Bioplastic,58,46.58,3.4167,0.9094,1.0929,37.02
Prime-Frame Paper Alpha,Metal,49,19.44,7.2084,0.1816,2.548,35.32
Max-Barrier Glass X,Paper,37,27.24,1.272,0.7606,0.6973,88.8
Heavy-Plate Paper Max,Glass,26,19.98,2.9078,0.1671,0.7438,91.68
Flex-Pouch Metal V3,Paper,40,10.7,1.2505,0.9149,0.4652,55.97
Mega-Shell Paper L,Bioplastic,62,45.16,3.1426,0.8085,0.9432,36.31
Thick-Coat Bioplastic Gamma,Paper,23,33.47,1.14,0.9279,0.5446,17.08
Prime-Ring Composite Beta,Metal,32,23.4,5.0439,0.0776,2.0355,68.37
Bright-Cap Paper HD,Composite,38,16.76,4.8577,0.3885,1.706,14.59
Pure-Core Metal Max,Bioplastic,42,8.83,2.1471,0.9434,0.4767,29.87
Steady-Cover Glass Plus,Paper,54,35.08,1.4757,0.7854,0.531,17.03
Nano-Pad Paper Delta,Paper,37,9.52,1.5856,0.907,0.5452,40.37
Porous-Film Glass Nano,Paper,27,1.02,1.363,0.9019,0.4001,14.32
Open-Plate Bioplastic Nano,Composite,60,5.99,4.9442,0.3439,0.9996,84.67
Mega-Bag Bioplastic XL,Paper,95,13.35,2.5985,0.8735,0.3231,34.01
Macro-Panel Composite Alpha,Metal,83,5.44,5.8153,0.0383,1.1481,60.57
Bio-Lid Paper Gamma,Bioplastic,26,46.57,3.1824,0.918,0.8522,12.38
Heavy-Shell Bioplastic L,Bioplastic,49,33.49,3.8819,0.8096,0.9679,34.47
Super-Coat Composite Prime,Paper,99,11.2,2.4972,0.8943,0.353,86.27
Bio-Film Metal Prime,Composite,35,0.65,5.0321,0.3875,1.7804,46.41
Rough-Guard Paper V3,Bioplastic,84,30.77,4.8652,0.8568,0.5765,35.49
Porous-Lid Metal Pro,Glass,98,45.54,5.4619,0.2981,1.2048,62.31
Micro-Liner Composite X,Composite,42,48.01,5.2204,0.352,1.4925,41.77
Max-Lid Paper L,Composite,92,17.35,4.8411,0.2776,0.9334,44.64
Porous-Cap Bioplastic Plus,Paper,82,28.69,2.3077,0.8788,0.5862,46.42
Tri-Cover Glass X,Bioplastic,90,3.41,4.1425,0.9434,0.4651,13.75
Porous-Sheet Paper Alpha,Bioplastic,50,49.81,3.2519,0.9389,0.7882,85.63
Dark-Slab Composite Nano,Bioplastic,47,33.28,3.3291,0.8578,0.8052,91.87
Smooth-Cap Composite L,Bioplastic,67,43.16,2.6406,0.8785,0.855,74.49
Poly-Strip Bioplastic Alpha,Composite,40,17.04,3.6354,0.2321,1.3079,10.94
Green-Sleeve Paper L,Composite,83,11.02,6.1297,0.251,1.9088,25.61
Prime-Weave Bioplastic Lite,Paper,33,23.24,1.1501,0.8664,0.6007,66.23
Thick-Tray Glass Gamma,Metal,93,35.27,4.8854,0.1579,1.7143,82.76
Porous-Lid Glass V3,Paper,28,1.25,1.3431,0.8643,0.3854,85.85
Active-Foam Bioplastic M,Bioplastic,25,18.13,1.7711,0.9529,0.6377,87.65
Passive-Coat Metal Beta,Composite,85,13.04,4.5614,0.3773,0.9904,42.64
Pure-Cap Glass Elite,Metal,76,11.39,4.4939,0.1855,1.4363,67.66
Macro-Band Glass Ultra,Composite,78,17.04,8.2164,0.3125,1.8383,56.16
Macro-Net Composite Alpha,Glass,61,42.93,4.5135,0.1175,1.384,60.46
Uni-Strip Metal X,Paper,74,15.93,2.0474,0.7962,0.5922,45.62
Macro-Guard Glass Lite,Paper,42,39.97,1.6766,0.7783,0.6907,54.26
Macro-Box Paper Pro,Paper,29,13.16,1.4708,0.928,0.5201,20.72
Ultra-Film Paper Lite,Composite,76,6.17,7.8451,0.3684,1.0525,73.91
Open-Board Metal Gamma,Paper,20,9.46,0.9873,0.9415,0.3043,77.6
Bio-Cover Bioplastic Lite,Composite,41,3.84,7.6104,0.3049,0.9078,58.69
Tri-Frame Composite Prime,Glass,82,36.28,4.5501,0.2131,1.1898,75.69
Dense-Tube Glass M,Composite,84,22.11,6.8363,0.2665,1.6018,72.08
Smart-Core Glass Elite,Glass,60,28.66,3.6203,0.2946,0.9006,68.71
Stable-Core Composite V2,Composite,68,28.02,4.3556,0.2101,2.1911,38.87
Pro-Shield Bioplastic S,Metal,50,24.2,6.3975,0.1399,2.4291,15.71
Micro-Tray Bioplastic S,Metal,68,30.63,4.4051,0.1817,1.9257,24.65
Eco-Barrier Composite V3,Bioplastic,85,14.17,4.8637,0.8622,0.4031,18.16
Passive-Pouch Composite Delta,Bioplastic,85,7.34,4.3903,0.8954,0.3139,25.1
Passive-Layer Paper Eco,Composite,47,30.94,6.1013,0.3251,2.0358,29.43
Hard-Film Paper Alpha,Bioplastic,39,3.43,2.2156,0.8557,0.6693,65.66
Rough-Block Composite S,Glass,36,46.27,4.0126,0.2496,0.9955,92.78
Open-Tube Metal Ultra,Glass,66,29.08,4.2832,0.2402,1.3093,72.54
Multi-Tray Glass Eco,Glass,21,6.82,3.2149,0.2957,0.7698,70.72
Bio-Box Metal Lite,Paper,39,11.34,1.2022,0.8934,0.4428,82.29
Lite-Film Bioplastic Prime,Paper,36,34.92,1.1268,0.8246,0.5874,86.37
Matte-Net Bioplastic Plus,Glass,36,25.42,3.0394,0.2773,1.0599,43.65
Rough-Foam Composite Gamma,Metal,20,34.27,6.0258,0.0689,2.4323,29.62
Rigid-Mesh Metal Ultra,Composite,76,23.12,5.8858,0.3806,1.0663,55.67
Poly-Block Composite X,Bioplastic,36,38.51,3.3339,0.9304,1.0214,17.62
Ultra-Wrap Metal Gamma,Composite,29,23.75,5.0437,0.3216,1.9902,23.53
Rigid-Lid Paper Ultra,Metal,87,11.3,7.8248,0.0058,1.3849,92.06
Multi-Film Metal V3,Metal,89,41.15,4.4875,0.0774,1.5548,58.24
Multi-Ring Composite HD,Composite,45,46.97,5.5471,0.2028,1.2568,44.5
Bright-Net Composite HD,Composite,67,48.46,5.9778,0.3939,1.6765,91.09
Smart-Strip Bioplastic XL,Glass,25,19.47,3.4409,0.286,0.742,53.53
Dual-Lid Glass V3,Glass,70,18.42,2.933,0.2162,1.2872,76.57
Flex-Frame Metal L,Bioplastic,58,32.97,3.2931,0.8863,0.9616,68.21
Flex-Frame Glass Nano,Metal,97,38.63,7.1515,0.1135,1.802,35.7
Active-Plate Composite Plus,Composite,97,19.16,6.7359,0.2259,1.1143,21.45
Rapid-Coat Composite S,Metal,35,4.88,6.8793,0.0511,2.1275,66.56
Rough-Pouch Bioplastic X,Metal,63,47.07,5.846,0.0641,2.381,18.62
Matte-Core Bioplastic Plus,Metal,85,42.58,6.5995,0.191,2.1265,51.9
Ultra-Layer Composite S,Paper,96,47.54,2.6097,0.898,0.9345,22.54
Porous-Wrap Glass V2,Composite,50,36.36,7.7927,0.3422,1.8732,58.53
Porous-Bag Metal Delta,Composite,68,13.55,5.0445,0.2678,1.1428,21.39
Lite-Cap Paper M,Glass,56,47.39,4.663,0.1373,1.2464,14.9
Pro-Base Bioplastic Pro,Paper,88,12.17,2.245,0.9398,0.5865,12.95
Super-Seal Paper Sigma,Glass,50,4.34,3.9541,0.1732,1.0582,52.46
Soft-Coat Glass M,Composite,23,19.01,6.4226,0.274,1.4704,71.86
Dark-Strip Bioplastic Elite,Composite,92,33.92,6.8373,0.3592,1.5409,70.53
Steady-Liner Composite Alpha,Paper,54,36.23,1.9485,0.9332,0.643,26.95
Max-Mesh Paper XL,Bioplastic,50,22.11,3.3773,0.9982,0.5694,42.87
Tri-Tube Glass Ultra,Metal,96,38.96,5.8419,0.1614,1.936,87.01
Gloss-Cord Bioplastic V2,Glass,36,4.41,2.8752,0.174,0.9525,87.2
Sealed-Foam Paper XL,Glass,93,16.94,5.1053,0.2237,1.4013,53.18
Flex-Disc Glass Sigma,Glass,63,9.68,3.538,0.1285,1.206,41.55
Poly-Shield Paper Eco,Paper,68,20.16,2.1743,0.7863,0.6376,30.36
Prime-Tray Composite S,Metal,78,43.57,5.0733,0.0479,2.5011,60.02
Smooth-Disc Composite Lite,Glass,35,13.65,2.9466,0.2866,0.8452,94.8
Passive-Band Paper Beta,Bioplastic,53,32.71,3.4754,0.8496,0.926,89.98
Thick-Core Glass Plus,Bioplastic,34,15.4,2.5671,0.8618,0.6814,14.75
Micro-Disc Bioplastic V2,Composite,92,20.93,7.5343,0.2916,1.0544,87.13
Flex-Guard Bioplastic Delta,Metal,22,1.98,5.3756,0.1462,1.6633,55.12
Multi-Pad Glass Max,Composite,65,46.03,4.7252,0.224,1.6223,56.66
Rapid-Block Composite Beta,Composite,31,45.85,5.8707,0.2637,1.4294,79.33
Passive-Tray Composite Nano,Metal,55,37.09,4.2284,0.1778,2.0291,49.16
Rough-Shield Composite Nano,Composite,54,42.29,6.7421,0.3357,1.2012,52.26
Pro-Ring Composite Nano,Metal,40,43.55,6.845,0.1353,2.3728,44.93
Mega-Tube Bioplastic Delta,Bioplastic,63,43.83,4.1443,0.8445,0.8562,48.5
Dark-Layer Composite Max,Metal,93,21.78,6.9356,0.0813,1.4103,10.29
Max-Coat Metal Prime,Glass,55,45.6,3.9206,0.1093,1.5466,69.52
Stable-Disc Bioplastic Nano,Paper,39,40.78,1.6428,0.7626,0.8661,41.24
Mini-Bag Glass Ultra,Bioplastic,86,33.09,3.0703,0.8051,0.6317,82.79
Rough-Foam Composite Delta,Paper,42,36.61,1.2261,0.7873,0.685,81.97
Open-Sheet Composite Max,Bioplastic,44,6.44,2.1924,0.8602,0.6915,68.85
Sealed-Box Metal V2,Glass,35,38.58,2.5788,0.1796,1.5107,69.0
Soft-Cap Bioplastic Nano,Paper,83,49.68,2.5096,0.7897,0.7362,62.91
Stable-Weave Bioplastic Lite,Glass,64,35.6,3.8198,0.1782,1.5612,12.28
Sealed-Layer Paper S,Glass,43,28.99,3.6486,0.1969,0.9668,20.86
Rapid-Block Glass Nano,Bioplastic,67,48.33,3.2975,0.9787,0.987,28.12
Rapid-Foam Glass S,Composite,50,7.84,4.4634,0.3386,1.776,29.28
Prime-Mesh Metal Ultra,Glass,98,9.91,4.5089,0.2216,0.5802,40.91
Mega-Sleeve Metal Max,Glass,80,34.71,4.8223,0.2563,1.0047,40.09
Tri-Shield Bioplastic Delta,Bioplastic,36,11.72,2.8251,0.9015,0.746,49.91
Mono-Pad Metal HD,Metal,31,45.42,5.1922,0.0918,2.1214,43.07
Open-Seal Paper S,Bioplastic,83,39.5,3.1592,0.9011,0.6984,82.55
Rigid-Barrier Metal L,Glass,68,2.41,2.7912,0.1249,0.8212,40.11
Dark-Tray Composite Nano,Bioplastic,90,11.5,4.9662,0.9356,0.6078,25.55
Pure-Mesh Composite M,Glass,31,48.2,3.1046,0.2588,1.4662,88.46
Active-Shield Composite Sigma,Paper,53,26.94,1.552,0.8305,0.5095,47.62
Pro-Panel Glass Eco,Metal,53,6.99,4.3178,0.194,1.2949,68.72
Flex-Foam Glass Gamma,Paper,39,7.51,1.2188,0.8924,0.2602,19.02
Eco-Layer Metal M,Paper,97,14.96,2.8384,0.8192,0.6267,82.94
Hard-Mesh Bioplastic Gamma,Metal,92,8.14,7.4304,0.1982,1.9284,25.65
Lite-Bag Bioplastic Elite,Paper,65,20.55,1.8574,0.9142,0.5709,94.41
Nano-Shield Glass Plus,Composite,47,18.89,3.957,0.2779,1.9086,64.01
Dark-Mesh Paper Lite,Paper,81,43.29,2.1046,0.921,0.6473,14.71
Pro-Guard Metal Lite,Glass,70,34.34,3.8819,0.1209,1.0125,51.27
Flex-Tray Bioplastic Alpha,Metal,60,11.84,5.8017,0.061,1.2014,57.74
Mini-Coat Composite Max,Bioplastic,39,1.17,3.3468,0.844,0.4058,44.11
Eco-Weave Paper XL,Glass,27,25.68,2.571,0.1799,1.1935,71.21
Prime-Barrier Bioplastic Ultra,Composite,66,19.61,5.5009,0.2554,1.4875,40.73
Uni-Tray Paper L,Metal,52,28.65,6.5672,0.1874,2.176,41.3
Bio-Board Metal Delta,Paper,74,48.88,1.9772,0.7655,0.8987,67.22
Mega-Base Metal Prime,Paper,62,21.7,1.5993,0.9367,0.4244,71.28
Rigid-Sleeve Bioplastic Lite,Glass,95,49.25,4.6001,0.1902,1.3698,78.41
Soft-Mesh Bioplastic X,Glass,27,24.12,1.9412,0.1274,0.9241,46.94
Ultra-Cap Bioplastic V3,Metal,40,33.5,3.5238,0.1734,1.9792,21.56
Bio-Band Composite V2,Glass,31,7.91,2.1812,0.1404,0.754,70.9
Max-Fiber Composite V2,Glass,99,20.47,4.5504,0.2295,1.0095,58.14
Soft-Net Composite Eco,Metal,86,23.99,4.4556,0.0853,2.4797,29.66
Open-Strip Metal Elite,Glass,97,49.26,3.7478,0.1876,1.2841,74.99
Stable-Bag Metal Alpha,Metal,78,47.98,6.6875,0.1928,2.1819,50.39
Open-Tube Glass Prime,Composite,89,21.31,5.6238,0.3275,1.1827,63.63
Bright-Shield Paper Plus,Glass,93,45.06,4.7962,0.1618,1.0228,17.79
Multi-Tube Metal XL,Glass,68,16.78,3.1744,0.2908,1.1855,76.78
Hyper-Coat Metal Nano,Glass,62,9.49,2.9143,0.1091,0.6717,15.89
Flex-Bag Bioplastic Max,Paper,23,38.84,1.0775,0.8256,0.8664,57.86
Clear-Plate Composite X,Glass,78,40.08,3.585,0.1014,0.9208,21.92
Green-Cover Metal Beta,Metal,91,23.48,5.4488,0.109,2.2786,52.2
Uni-Foam Bioplastic Elite,Paper,58,28.83,1.8362,0.9347,0.7337,17.57
Flex-Strip Metal Sigma,Paper,45,19.59,1.4412,0.8881,0.386,82.92
Open-Sleeve Metal S,Glass,24,1.64,2.4174,0.1629,0.6729,26.93
Prime-Sheet Paper Nano,Bioplastic,95,37.09,5.0906,0.913,0.8575,91.85
Pure-Layer Metal Nano,Paper,76,4.41,2.3555,0.8631,0.3315,58.39
Dense-Barrier Metal Sigma,Metal,68,11.53,4.6027,0.1389,1.9056,71.12
Passive-Ring Metal HD,Glass,42,18.72,2.4823,0.2058,1.0373,67.33
Prime-Cap Metal Alpha,Metal,74,15.34,7.7317,0.1707,1.9745,87.87
Rapid-Seal Composite L,Bioplastic,99,42.57,4.9042,0.9527,0.9104,39.64
Pro-Liner Composite V3,Glass,56,20.99,3.4762,0.1597,0.9542,32.25
Poly-Box Paper Elite,Metal,57,37.39,4.7735,0.0515,1.3834,86.22
Core-Panel Glass Alpha,Metal,98,6.5,6.6021,0.1207,1.3319,61.63
Max-Box Bioplastic V2,Glass,53,14.15,3.452,0.1453,1.3262,84.55
Thick-Seal Bioplastic Plus,Composite,53,1.35,7.1999,0.3674,1.573,24.56
Open-Frame Glass HD,Composite,48,2.86,5.204,0.284,1.4751,50.55
Prime-Cover Paper Max,Bioplastic,47,49.42,3.5246,0.9066,1.0424,54.4
Ultra-Base Metal Max,Paper,54,5.44,1.5167,0.9435,0.5337,74.62
Tri-Fiber Glass HD,Paper,77,6.89,2.2702,0.773,0.3925,13.68
Lite-Mesh Metal Beta,Glass,61,15.42,4.4936,0.1695,0.8639,70.33
Soft-Shield Composite Max,Glass,72,18.84,3.8798,0.2171,1.3557,20.68
Green-Band Metal XL,Glass,51,1.0,3.0839,0.2133,1.1686,42.43
Bright-Seal Bioplastic V2,Glass,28,7.84,3.3041,0.2133,1.2168,22.02
Dual-Cap Bioplastic S,Composite,65,5.78,7.5267,0.2408,1.8143,38.33
Porous-Tube Bioplastic Elite,Bioplastic,70,43.28,3.707,0.919,0.7489,59.5
Thin-Shield Glass Beta,Metal,100,34.04,6.2647,0.0005,2.6503,92.52
Thin-Shell Metal Prime,Metal,30,46.17,5.3965,0.1889,1.7533,40.64
Rigid-Base Bioplastic X,Composite,58,9.86,7.0214,0.2793,1.0841,16.16
Dense-Liner Composite Gamma,Bioplastic,89,27.76,3.1352,0.8409,0.8737,26.19
Eco-Net Paper M,Glass,72,8.3,4.3156,0.1271,1.2494,26.57
Thick-Core Glass Alpha,Paper,78,14.99,2.0558,0.7916,0.3622,35.61
Hard-Board Glass V2,Composite,77,35.85,6.169,0.3483,1.8883,65.93
Steady-Band Glass Plus,Composite,89,41.64,4.7237,0.3583,2.3227,65.35
Mono-Layer Paper Gamma,Glass,38,28.67,2.7773,0.2507,1.5341,23.0
Flex-Bag Metal XL,Composite,31,32.51,7.698,0.2876,1.3884,49.59
Passive-Bag Paper V3,Metal,44,49.68,4.4931,0.1683,1.4845,29.41
Rough-Foam Bioplastic Eco,Glass,66,47.39,3.0794,0.263,1.4415,33.83
Passive-Pad Paper Alpha,Metal,70,17.25,5.5766,0.0674,2.3807,88.39
Rough-Pad Bioplastic S,Glass,40,10.35,2.4936,0.2988,1.0824,29.87
Heavy-Box Composite Gamma,Paper,37,1.3,1.2716,0.8647,0.2253,27.37
Thin-Cap Paper Prime,Metal,21,11.87,3.7149,0.0507,1.7214,15.76
Passive-Band Composite Elite,Glass,35,33.68,3.0411,0.1913,1.5631,10.91
Mega-Barrier Glass HD,Composite,74,7.53,6.3849,0.322,1.6964,36.79
Open-Coat Glass V3,Composite,27,9.09,6.1637,0.2421,0.9048,86.8
Poly-Net Bioplastic Prime,Bioplastic,49,36.87,3.3411,0.8517,0.8038,29.97
Soft-Band Glass Beta,Glass,47,13.91,4.3594,0.2585,0.6564,55.92
Soft-Strip Paper V2,Paper,78,3.87,2.4447,0.8663,0.4411,94.95
Active-Net Metal Sigma,Bioplastic,22,5.0,3.121,0.9915,0.5548,21.25
Porous-Strip Composite Eco,Composite,26,44.11,3.5774,0.3629,2.0278,87.88
Sealed-Slab Paper Eco,Paper,53,33.2,1.7106,0.8959,0.7995,80.69
Core-Tube Composite Gamma,Glass,80,32.29,4.5202,0.1642,1.0113,19.0
Pro-Slab Metal X,Composite,96,46.82,5.5247,0.2527,1.6518,64.38
Heavy-Ring Metal Alpha,Bioplastic,49,27.07,4.0626,0.8308,0.7818,63.46
Flex-Foam Paper Beta,Composite,63,25.54,8.157,0.236,1.3554,13.41
Dense-Cover Paper V2,Metal,94,39.21,5.6515,0.0788,2.0928,70.57
Dark-Foam Metal S,Bioplastic,84,36.37,3.2319,0.8495,0.7033,25.95
Dark-Fiber Composite Pro,Composite,93,38.59,4.9958,0.2373,1.2619,17.31
Stable-Shell Paper Nano,Bioplastic,26,6.4,2.6866,0.9027,0.3983,39.47
Super-Film Bioplastic Sigma,Glass,90,21.09,5.2201,0.2228,1.2266,85.72
Thin-Layer Glass Delta,Metal,29,22.99,3.2205,0.1649,1.5669,13.06
Dense-Disc Metal HD,Metal,100,46.66,6.7533,0.0705,2.2482,62.65
Open-Pouch Bioplastic V2,Composite,52,34.88,4.6241,0.2637,2.1317,74.97
Eco-Cover Bioplastic V3,Bioplastic,83,5.55,3.2675,0.9811,0.6736,73.62
Mini-Disc Bioplastic Nano,Bioplastic,51,11.41,3.1797,0.8327,0.4984,34.59
Porous-Sheet Glass HD,Bioplastic,38,6.09,2.3688,0.9358,0.5749,32.16
Hard-Strip Bioplastic Plus,Metal,68,42.57,4.5506,0.0391,2.4296,68.85
Dual-Shell Bioplastic Prime,Composite,45,10.52,4.9755,0.2604,1.8779,80.85
Core-Cap Composite Lite,Bioplastic,59,25.36,3.4668,0.9017,0.7256,38.1
Dark-Net Composite HD,Composite,54,23.5,7.4195,0.2021,1.404,68.06
Tri-Core Metal HD,Paper,84,34.38,2.0693,0.9032,0.6178,76.98
Gloss-Board Bioplastic Elite,Glass,77,25.09,4.3126,0.2808,1.0487,63.95
Rapid-Cord Composite XL,Glass,46,8.42,4.2508,0.2482,0.8955,32.78
Green-Coat Glass Gamma,Glass,77,46.1,3.9832,0.259,1.069,40.49
Open-Band Paper Sigma,Bioplastic,39,1.37,2.1995,0.8799,0.4708,22.05
Multi-Sheet Metal V2,Glass,97,7.12,4.7791,0.2145,1.2932,22.83
Pure-Liner Metal Sigma,Bioplastic,56,6.29,3.0187,0.9729,0.6745,44.89
Mini-Mesh Glass Ultra,Glass,25,8.01,2.599,0.2515,1.121,44.19
Nano-Wrap Bioplastic Sigma,Metal,75,12.6,6.5232,0.1625,1.9946,24.65
Pure-Cord Metal Ultra,Bioplastic,99,36.27,4.5549,0.9908,0.6198,42.04
Thick-Slab Metal Pro,Bioplastic,62,33.33,3.7345,0.8054,0.8408,38.87
Macro-Bag Bioplastic HD,Composite,44,10.64,4.1507,0.3309,1.7387,13.44
Super-Plate Glass Max,Glass,54,28.91,4.3537,0.1449,1.4535,15.46
Mega-Plate Metal Gamma,Metal,30,9.25,3.6346,0.19,1.2518,16.48
Poly-Pad Glass S,Metal,57,25.81,7.1,0.0225,1.7168,23.06
Poly-Foam Glass Pro,Composite,75,27.4,6.6575,0.3983,1.3515,10.72
Core-Core Metal Prime,Paper,94,5.93,2.4097,0.8613,0.2568,36.29
Open-Liner Glass Prime,Glass,59,37.63,4.4218,0.2347,0.8904,43.0
Smooth-Cap Glass Gamma,Paper,92,46.44,2.6936,0.8496,0.8359,50.84
Ultra-Cord Composite Beta,Metal,60,26.28,6.6374,0.192,2.1195,33.95
Micro-Bag Metal Beta,Bioplastic,71,37.57,4.2146,0.8238,0.7898,20.99
Hard-Bag Composite Pro,Composite,57,33.1,4.4319,0.2282,2.1672,78.74
Sealed-Sleeve Bioplastic Delta,Metal,42,4.22,3.9946,0.0611,1.0381,34.17
Dense-Disc Metal Prime,Glass,98,13.02,3.8373,0.2945,0.8353,51.28
Mono-Strip Metal Beta,Composite,85,45.89,7.0007,0.3724,2.2179,17.65
Eco-Tube Bioplastic L,Paper,98,22.6,2.764,0.8313,0.5888,93.02
Lite-Plate Composite Beta,Bioplastic,55,28.98,3.4032,0.9303,0.7353,26.93
Rigid-Cover Bioplastic Alpha,Composite,90,1.49,5.5651,0.2864,1.2267,72.69
Poly-Seal Glass Delta,Composite,41,35.46,3.8945,0.2696,1.3107,23.71
Pro-Shell Bioplastic Prime,Metal,63,10.07,5.2347,0.1746,1.0065,63.7
Smart-Sheet Paper Sigma,Bioplastic,61,40.58,3.0149,0.9773,1.0055,56.74
Clear-Base Paper HD,Bioplastic,20,46.8,2.7552,0.8324,0.8752,78.88
Sealed-Ring Glass Beta,Bioplastic,41,33.17,3.1978,0.9223,0.5956,43.84
Micro-Core Paper Nano,Bioplastic,75,8.62,3.6656,0.8872,0.4238,29.31
Prime-Shell Metal Ultra,Bioplastic,91,49.65,3.4895,0.9744,0.9803,42.76
Micro-Guard Paper Pro,Metal,46,11.12,5.2321,0.18,1.1362,38.58
Thin-Coat Glass M,Bioplastic,34,44.22,3.8477,0.9826,0.9822,75.28
Mono-Mesh Bioplastic HD,Metal,42,20.18,3.6933,0.0868,1.5589,76.04
Pro-Strip Composite Delta,Metal,20,48.67,3.581,0.1328,2.5734,27.1
Smart-Liner Bioplastic Max,Bioplastic,48,35.99,2.5217,0.9346,0.9396,72.14
Super-Pad Bioplastic Max,Paper,48,17.79,1.4128,0.8974,0.5764,15.38
Stable-Strip Paper Nano,Glass,81,16.61,5.0834,0.2473,1.2064,44.52
Bright-Film Paper Lite,Bioplastic,81,24.9,3.068,0.8087,0.7912,71.48
Poly-Seal Bioplastic Ultra,Glass,94,8.77,4.6766,0.2869,0.9858,82.79
Passive-Sheet Bioplastic Nano,Metal,54,12.74,3.819,0.0255,1.9374,91.3
Mini-Seal Glass Elite,Paper,34,23.3,1.3067,0.7721,0.704,45.61
Ultra-Shell Glass XL,Metal,88,32.34,6.2929,0.0598,2.2145,25.15
Mini-Pouch Glass X,Paper,22,49.54,1.242,0.7801,0.7926,41.33
Passive-Coat Paper L,Metal,71,26.93,6.8103,0.1223,1.7002,80.5
Green-Cap Glass L,Composite,37,16.52,4.4382,0.3233,1.597,85.74
Active-Foam Glass Alpha,Composite,40,17.5,4.5835,0.2546,1.4172,64.1
Dual-Shell Metal HD,Composite,76,37.04,8.221,0.3159,1.8198,47.83
Heavy-Cap Composite XL,Paper,100,24.02,2.7707,0.8324,0.5973,94.75
Active-Block Bioplastic Prime,Metal,28,38.34,5.2203,0.0793,1.3158,10.33
Macro-Barrier Glass Max,Glass,96,23.14,4.8292,0.1996,1.1587,68.27
Sealed-Guard Metal Elite,Paper,93,14.57,2.3617,0.9407,0.3838,61.7
Active-Band Paper Plus,Paper,84,42.43,2.0919,0.8424,0.691,48.96
Thin-Weave Paper Sigma,Paper,100,17.5,2.5693,0.8663,0.5975,19.08
Pure-Film Composite Nano,Metal,68,15.0,6.0595,0.0056,1.485,10.84
Poly-Net Bioplastic L,Paper,97,8.75,2.642,0.9112,0.5303,37.77
Gloss-Fiber Composite L,Composite,41,6.35,7.5256,0.2063,1.2617,91.7
Passive-Coat Composite L,Glass,25,20.14,2.5377,0.2204,0.7304,81.39
Micro-Foam Glass Elite,Metal,42,13.89,6.4992,0.0717,1.1955,28.82
Soft-Liner Bioplastic V2,Glass,91,43.92,4.4809,0.138,1.4518,13.5
Gloss-Pouch Metal Gamma,Metal,81,15.6,7.207,0.1102,1.9843,72.64
Rigid-Mesh Metal V3,Metal,53,41.75,6.3725,0.0212,1.8389,93.66
Ultra-Fiber Metal Ultra,Metal,50,1.22,7.013,0.0894,1.468,11.08
Rigid-Seal Composite L,Metal,20,11.04,5.4667,0.144,2.1501,44.28
Rapid-Board Paper Nano,Glass,95,44.49,5.0128,0.1712,1.0875,87.45
Bio-Cover Bioplastic S,Composite,65,19.68,4.5272,0.2522,1.5952,80.16
Dark-Frame Composite Delta,Glass,89,33.42,5.1538,0.1588,1.1733,14.4
Dual-Shell Bioplastic XL,Composite,81,45.74,8.434,0.3307,1.8144,23.77
Rough-Box Paper Prime,Metal,24,2.05,5.3594,0.0408,1.479,68.47
Rigid-Band Paper V3,Paper,26,11.93,1.3754,0.8106,0.59,21.18
Multi-Tube Glass Alpha,Metal,96,46.94,5.8846,0.0549,1.8838,45.86
Mega-Mesh Metal V3,Metal,71,41.02,5.3108,0.0602,1.3681,22.05
Dual-Sleeve Composite Lite,Metal,36,6.28,6.6741,0.1223,1.6171,50.6
Sealed-Slab Composite V2,Bioplastic,60,46.66,3.9809,0.8368,1.0486,20.62
Rigid-Cover Metal Beta,Bioplastic,21,16.92,2.1066,0.927,0.6732,47.36
Flex-Plate Bioplastic Sigma,Composite,23,13.3,4.6121,0.3802,1.2173,34.53
Tri-Wrap Metal Plus,Paper,61,18.93,1.6926,0.8374,0.4205,82.09
Ultra-Sheet Glass Gamma,Bioplastic,49,26.95,2.8588,0.8978,0.5422,21.66
Mono-Net Paper Alpha,Composite,62,36.57,4.9999,0.2332,2.0804,86.46
Macro-Net Composite S,Glass,27,0.66,2.4881,0.1255,0.6345,17.77
Dual-Sleeve Paper Elite,Bioplastic,28,46.5,3.3627,0.8474,1.0165,22.17
Bio-Liner Bioplastic Eco,Glass,79,24.99,3.9163,0.1541,1.2439,72.18
Macro-Layer Paper HD,Glass,99,17.65,4.0862,0.235,1.0998,24.53
Lite-Disc Glass S,Glass,94,33.6,3.6547,0.2683,0.928,83.03
Mini-Net Paper Sigma,Bioplastic,32,20.6,3.8354,0.8655,0.5933,17.14
Soft-Fiber Paper Prime,Glass,28,3.21,3.9757,0.2058,1.0215,40.88
Smooth-Bag Glass S,Composite,96,5.09,6.6922,0.2615,1.3368,75.0
Matte-Cover Metal Delta,Composite,47,18.15,4.361,0.2877,1.5362,73.18
Core-Cover Metal Prime,Composite,57,6.05,7.4137,0.2922,1.2082,35.52
Dark-Base Metal Plus,Bioplastic,93,23.24,3.6347,0.9695,0.7136,13.11
Mono-Panel Metal M,Bioplastic,49,24.67,3.2979,0.8444,0.5366,28.51
Core-Shell Metal XL,Metal,30,43.76,3.3143,0.0402,2.5758,54.3
Smooth-Wrap Bioplastic Gamma,Paper,96,49.03,2.5049,0.7575,0.8126,55.47
Mini-Guard Bioplastic Plus,Metal,42,40.7,5.4337,0.0705,1.5681,56.18
Prime-Weave Paper HD,Glass,45,0.98,4.1199,0.187,0.7426,15.32
Mono-Base Composite Eco,Bioplastic,43,6.55,3.4892,0.8817,0.6382,28.08
Micro-Weave Composite Gamma,Bioplastic,61,36.58,3.4356,0.9612,0.8105,18.63
Active-Cover Metal Elite,Glass,92,43.24,4.0237,0.2371,1.0628,33.73
Stable-Coat Bioplastic Delta,Bioplastic,68,25.08,4.0757,0.8885,0.6424,23.82
Rough-Sheet Bioplastic M,Bioplastic,70,29.65,2.7893,0.8621,0.6205,43.66
Ultra-Foam Glass Lite,Composite,95,30.43,5.8306,0.2752,1.9769,32.27
Micro-Base Composite S,Paper,63,3.11,1.9331,0.8672,0.2198,13.14
Nano-Pouch Bioplastic X,Metal,26,26.85,5.1033,0.0959,2.0347,55.16
Active-Frame Metal Beta,Glass,49,41.72,3.8843,0.1681,0.9734,17.22
Poly-Pouch Metal Lite,Composite,96,20.78,7.0171,0.3809,1.132,35.06
Soft-Seal Glass M,Glass,55,36.94,3.6321,0.2033,1.3448,89.83
Thick-Cap Bioplastic HD,Metal,98,36.35,6.6539,0.0876,2.1051,84.53
Multi-Block Glass V3,Paper,82,16.77,2.3805,0.8197,0.5037,90.36
Multi-Cover Metal HD,Bioplastic,34,42.21,2.0417,0.8287,0.8385,59.62
Hard-Frame Bioplastic Prime,Metal,88,30.66,7.6642,0.1691,2.4645,79.7
Thick-Lid Bioplastic Pro,Metal,58,26.68,4.332,0.1217,2.4566,86.39
Pure-Cord Metal S,Glass,79,1.21,3.702,0.2161,0.7315,92.07
Macro-Tray Metal Elite,Bioplastic,62,40.64,4.064,0.959,0.7288,52.19
Bio-Cap Bioplastic XL,Bioplastic,40,26.39,2.8346,0.9047,0.5371,71.72
Mini-Tube Composite V3,Bioplastic,23,10.89,2.7155,0.9504,0.6885,19.7
Flex-Pad Metal Nano,Composite,30,29.12,6.0829,0.3972,2.0124,16.78
Passive-Disc Metal V2,Metal,63,29.03,7.1269,0.0045,2.3827,65.82
Ultra-Barrier Composite V2,Metal,93,31.7,4.9527,0.0211,1.919,13.99
Porous-Shell Composite Prime,Composite,60,7.82,7.7903,0.3849,1.5004,28.79
Gloss-Box Bioplastic V2,Paper,67,4.93,2.146,0.8126,0.3807,73.82
Rough-Box Paper L,Composite,79,48.08,4.4323,0.3672,1.5829,20.76
Dense-Plate Glass V2,Paper,70,1.49,2.1594,0.7744,0.2672,59.68
Heavy-Cap Composite Lite,Glass,21,12.81,3.7068,0.1251,1.0669,50.32
Super-Wrap Bioplastic Pro,Glass,37,32.49,2.8333,0.1243,1.3837,13.59
Green-Cover Glass Lite,Metal,27,34.66,4.2531,0.107,1.3982,52.69
Core-Weave Bioplastic Eco,Composite,35,2.61,4.9421,0.3759,1.1053,70.74
Multi-Barrier Bioplastic S,Composite,46,20.32,7.7054,0.3865,1.8773,55.13
Smart-Liner Composite XL,Composite,46,19.27,5.4891,0.383,1.0073,68.67
Thick-Band Metal Sigma,Composite,85,36.17,6.2642,0.2491,1.5056,77.87
Rough-Plate Composite Nano,Bioplastic,27,35.36,3.0407,0.9089,0.9838,93.01
Thin-Lid Composite Lite,Bioplastic,75,4.97,4.0131,0.8584,0.556,17.31
Soft-Guard Composite Ultra,Glass,62,43.11,4.4449,0.1479,1.301,25.8
Green-Mesh Bioplastic Ultra,Bioplastic,64,39.6,2.7691,0.876,0.7344,91.3
Rigid-Band Metal Plus,Paper,98,2.61,2.3837,0.8516,0.2781,51.32
Rapid-Strip Metal Lite,Composite,78,1.89,5.057,0.3189,1.935,65.26
Stable-Mesh Paper V2,Bioplastic,72,0.73,4.5099,0.859,0.4558,42.11
Sealed-Core Glass Prime,Glass,52,13.19,4.2374,0.2366,0.6731,85.93
Rigid-Layer Bioplastic Nano,Bioplastic,99,49.96,4.1544,0.9898,0.9934,27.4
Tri-Block Composite Alpha,Paper,88,43.67,2.4591,0.8099,0.8652,13.64
Poly-Tray Composite Max,Metal,67,48.19,3.9343,0.1339,2.2022,21.51
Clear-Band Metal Ultra,Composite,47,0.91,4.3679,0.2839,1.2358,89.36
Prime-Mesh Glass Plus,Bioplastic,85,43.68,3.4813,0.8518,0.785,19.87
Rigid-Strip Paper XL,Metal,94,11.88,5.5504,0.0423,1.0512,45.0
Bright-Shield Composite M,Paper,25,21.21,1.0712,0.889,0.6503,66.04
Thick-Pouch Metal Elite,Glass,97,31.52,4.8625,0.1007,0.9342,52.98
Active-Cap Metal Delta,Paper,55,46.95,1.73,0.9031,0.9109,74.12
Nano-Slab Composite Pro,Composite,64,6.04,7.1904,0.3662,1.7007,55.7
Hyper-Film Metal XL,Glass,78,7.22,4.0401,0.1907,1.2628,11.81
Eco-Base Glass Nano,Paper,74,40.4,2.3579,0.947,0.8207,74.39
Sealed-Lid Composite Ultra,Composite,54,38.9,7.2489,0.207,1.4751,27.7
Uni-Band Paper Max,Bioplastic,84,38.12,4.7243,0.9015,0.7034,49.94
Nano-Cover Glass Prime,Paper,65,48.11,1.7723,0.7968,0.7825,74.68
Pure-Pad Composite Pro,Glass,77,1.19,3.4924,0.1465,0.4986,11.06
Dual-Shell Glass Beta,Glass,34,47.13,2.848,0.2025,1.4608,45.63
Hyper-Shell Paper Plus,Paper,22,9.72,0.8602,0.7766,0.3566,24.18
Macro-Slab Bioplastic HD,Bioplastic,25,46.23,1.8943,0.9695,1.0472,29.77
Hard-Block Composite M,Metal,30,30.76,5.838,0.0712,1.9003,10.62
Green-Cord Bioplastic Plus,Glass,55,3.78,2.6245,0.238,1.0694,81.3
Sealed-Core Paper Alpha,Glass,54,5.44,2.9532,0.1541,1.3327,30.42
Mono-Guard Bioplastic Pro,Metal,90,32.34,4.4791,0.0965,2.1476,18.4
Thin-Liner Paper Alpha,Composite,38,7.64,4.779,0.3904,0.8302,72.07
Bio-Core Glass XL,Paper,91,24.0,2.5794,0.9466,0.6797,58.82
Lite-Board Paper Plus,Bioplastic,46,9.57,2.9189,0.9984,0.6725,77.44
Poly-Plate Paper Plus,Paper,43,14.84,1.3558,0.928,0.5221,28.19
Ultra-Guard Bioplastic XL,Metal,73,5.43,5.9642,0.1244,1.0075,35.97
Rapid-Tray Paper L,Composite,87,21.87,7.5652,0.243,1.5086,22.69
Nano-Sheet Paper Plus,Paper,71,22.71,2.129,0.7612,0.6861,76.22
Core-Layer Bioplastic Plus,Glass,24,29.93,3.5948,0.1473,1.4939,45.2
Poly-Base Paper Gamma,Metal,37,3.97,4.5775,0.0819,1.7553,12.65
Dark-Plate Bioplastic Max,Bioplastic,63,23.51,3.7177,0.806,0.5134,30.69
Stable-Weave Glass Lite,Bioplastic,62,47.79,3.6149,0.8025,1.0373,28.38
Flex-Layer Glass X,Glass,79,4.93,4.6358,0.1069,0.8905,23.62
Core-Bag Metal Prime,Paper,33,10.61,1.4571,0.8633,0.5091,50.17
